sample_id,disk_id,ds,model,failure,ttf_days,source_split,source_index
smart_workload_1000_0000,30020,2019-11-27,MB1,1,0,raw_balanced_30d,9677701
smart_workload_1000_0001,13439,2019-04-22,MB1,0,-1,raw_balanced_30d,1666057
smart_workload_1000_0002,26855,2019-10-30,MB1,0,-1,raw_balanced_30d,8156533
smart_workload_1000_0003,18328,2019-12-05,MB1,1,0,raw_balanced_30d,3985235
smart_workload_1000_0004,41711,2018-11-06,MB1,0,-1,raw_balanced_30d,15200301
smart_workload_1000_0005,42120,2018-07-24,MB2,0,-1,raw_balanced_30d,14242574
smart_workload_1000_0006,20847,2018-05-24,MB1,1,0,raw_balanced_30d,5203902
smart_workload_1000_0007,16721,2019-10-03,MB2,0,-1,raw_balanced_30d,3003652
smart_workload_1000_0008,28505,2019-06-09,MB2,0,-1,raw_balanced_30d,8182472
smart_workload_1000_0009,6533,2019-05-05,MB1,0,-1,raw_balanced_30d,17490917
smart_workload_1000_0010,5955,2019-03-06,MB2,0,-1,raw_balanced_30d,17637615
smart_workload_1000_0011,5808,2019-07-21,MB1,0,-1,raw_balanced_30d,17136126
smart_workload_1000_0012,18503,2018-11-18,MB2,1,0,raw_balanced_30d,3786331
smart_workload_1000_0013,6314,2019-06-28,MB1,1,0,raw_balanced_30d,17375217
smart_workload_1000_0014,29369,2019-09-15,MB1,1,0,raw_balanced_30d,9358416
smart_workload_1000_0015,36996,2019-08-27,MB2,0,-1,raw_balanced_30d,11851771
smart_workload_1000_0016,9418,2019-08-15,MB2,0,-1,raw_balanced_30d,19147106
smart_workload_1000_0017,34644,2019-08-27,MB2,0,-1,raw_balanced_30d,10833041
smart_workload_1000_0018,41404,2019-01-27,MB1,1,0,raw_balanced_30d,15033555
smart_workload_1000_0019,43857,2019-10-03,MB1,1,0,raw_balanced_30d,16190705
smart_workload_1000_0020,38273,2019-12-05,MB1,0,-1,raw_balanced_30d,13601746
smart_workload_1000_0021,5563,2019-06-10,MB1,1,0,raw_balanced_30d,17015493
smart_workload_1000_0022,43783,2018-05-24,MB1,1,0,raw_balanced_30d,16162525
smart_workload_1000_0023,38813,2018-09-18,MB1,1,1,raw_balanced_30d,13838015
smart_workload_1000_0024,34906,2018-05-24,MB1,1,0,raw_balanced_30d,11980587
smart_workload_1000_0025,22303,2018-09-15,MB1,1,0,raw_balanced_30d,5957335
smart_workload_1000_0026,30910,2019-11-22,MB2,0,-1,raw_balanced_30d,9228922
smart_workload_1000_0027,8633,2019-11-06,MB2,0,-1,raw_balanced_30d,18775315
smart_workload_1000_0028,1099,2018-05-24,MB1,1,0,raw_balanced_30d,468858
smart_workload_1000_0029,6631,2019-12-31,MB1,1,0,raw_balanced_30d,17547061
smart_workload_1000_0030,19992,2019-06-20,MB1,1,0,raw_balanced_30d,4774947
smart_workload_1000_0031,48156,2019-06-07,MB2,0,-1,raw_balanced_30d,16731490
smart_workload_1000_0032,30153,2019-10-12,MB1,1,0,raw_balanced_30d,9738706
smart_workload_1000_0033,15808,2018-11-06,MB1,0,-1,raw_balanced_30d,2774860
smart_workload_1000_0034,39019,2018-08-07,MB1,0,-1,raw_balanced_30d,13940363
smart_workload_1000_0035,33824,2019-09-07,MB1,0,-1,raw_balanced_30d,11458413
smart_workload_1000_0036,5033,2019-06-02,MB2,0,-1,raw_balanced_30d,17210919
smart_workload_1000_0037,3462,2018-08-17,MB2,1,0,raw_balanced_30d,10822325
smart_workload_1000_0038,4763,2018-10-19,MB1,1,0,raw_balanced_30d,16624977
smart_workload_1000_0039,34639,2019-11-07,MB2,0,-1,raw_balanced_30d,10829940
smart_workload_1000_0040,23056,2019-03-25,MB1,1,0,raw_balanced_30d,6300135
smart_workload_1000_0041,4105,2019-05-30,MB1,1,0,raw_balanced_30d,14865568
smart_workload_1000_0042,1215,2018-05-24,MB1,1,0,raw_balanced_30d,1024932
smart_workload_1000_0043,33904,2019-08-05,MB1,1,0,raw_balanced_30d,11507981
smart_workload_1000_0044,32047,2018-04-03,MB1,1,2,raw_balanced_30d,10613446
smart_workload_1000_0045,5681,2019-07-27,MB1,1,0,raw_balanced_30d,17079802
smart_workload_1000_0046,9599,2019-10-01,MB1,0,-1,raw_balanced_30d,18991101
smart_workload_1000_0047,24116,2018-10-03,MB1,1,1,raw_balanced_30d,6823590
smart_workload_1000_0048,32341,2019-12-05,MB1,1,0,raw_balanced_30d,10748008
smart_workload_1000_0049,40409,2019-05-27,MB2,0,-1,raw_balanced_30d,13462373
smart_workload_1000_0050,44443,2018-06-30,MB2,1,1,raw_balanced_30d,15164856
smart_workload_1000_0051,26358,2019-11-19,MB1,0,-1,raw_balanced_30d,7916932
smart_workload_1000_0052,741,2019-09-20,MB1,1,5,raw_balanced_30d,17907631
smart_workload_1000_0053,23172,2019-06-12,MB2,0,-1,raw_balanced_30d,5816549
smart_workload_1000_0054,39518,2019-06-16,MB2,0,-1,raw_balanced_30d,13073777
smart_workload_1000_0055,13147,2019-10-28,MB1,0,-1,raw_balanced_30d,1522101
smart_workload_1000_0056,26283,2019-06-28,MB2,1,1,raw_balanced_30d,7179782
smart_workload_1000_0057,3945,2018-10-03,MB1,1,0,raw_balanced_30d,14130728
smart_workload_1000_0058,24943,2019-12-07,MB1,1,4,raw_balanced_30d,7204581
smart_workload_1000_0059,20323,2018-12-10,MB2,1,0,raw_balanced_30d,4609539
smart_workload_1000_0060,34575,2018-05-24,MB1,1,0,raw_balanced_30d,11831989
smart_workload_1000_0061,41869,2019-07-28,MB2,0,-1,raw_balanced_30d,14135652
smart_workload_1000_0062,25729,2019-08-13,MB1,0,-1,raw_balanced_30d,7580531
smart_workload_1000_0063,25360,2019-06-07,MB2,1,1,raw_balanced_30d,6791850
smart_workload_1000_0064,11810,2019-10-25,MB1,0,-1,raw_balanced_30d,861640
smart_workload_1000_0065,31423,2018-08-20,MB1,0,-1,raw_balanced_30d,10324739
smart_workload_1000_0066,40385,2019-06-30,MB1,0,-1,raw_balanced_30d,14576644
smart_workload_1000_0067,10350,2018-05-12,MB1,0,-1,raw_balanced_30d,157998
smart_workload_1000_0068,20025,2019-07-24,MB1,0,-1,raw_balanced_30d,4789841
smart_workload_1000_0069,3690,2019-05-05,MB1,1,2,raw_balanced_30d,12935586
smart_workload_1000_0070,12800,2018-05-24,MB1,1,0,raw_balanced_30d,1341480
smart_workload_1000_0071,17856,2018-06-24,MB1,1,0,raw_balanced_30d,3762868
smart_workload_1000_0072,39130,2019-11-27,MB1,0,-1,raw_balanced_30d,13995661
smart_workload_1000_0073,38134,2018-05-24,MB1,1,0,raw_balanced_30d,13532532
smart_workload_1000_0074,13339,2019-11-20,MB2,0,-1,raw_balanced_30d,1487984
smart_workload_1000_0075,21812,2019-10-04,MB1,1,1,raw_balanced_30d,5692323
smart_workload_1000_0076,31775,2018-10-31,MB1,0,-1,raw_balanced_30d,10483595
smart_workload_1000_0077,40096,2018-08-08,MB1,1,0,raw_balanced_30d,14448052
smart_workload_1000_0078,21062,2018-09-09,MB1,1,1,raw_balanced_30d,5295565
smart_workload_1000_0079,46208,2018-03-04,MB2,0,-1,raw_balanced_30d,15885647
smart_workload_1000_0080,23240,2018-05-24,MB1,1,0,raw_balanced_30d,6385280
smart_workload_1000_0081,8601,2019-08-18,MB1,1,0,raw_balanced_30d,18503390
smart_workload_1000_0082,33761,2018-05-24,MB1,1,0,raw_balanced_30d,11422587
smart_workload_1000_0083,34247,2019-06-21,MB1,0,-1,raw_balanced_30d,11674164
smart_workload_1000_0084,7939,2019-07-09,MB2,1,1,raw_balanced_30d,18479743
smart_workload_1000_0085,20042,2018-11-27,MB1,0,-1,raw_balanced_30d,4799437
smart_workload_1000_0086,32707,2019-11-01,MB1,0,-1,raw_balanced_30d,10912781
smart_workload_1000_0087,28588,2019-01-12,MB1,1,0,raw_balanced_30d,8984889
smart_workload_1000_0088,43786,2018-05-24,MB1,1,0,raw_balanced_30d,16163519
smart_workload_1000_0089,20930,2018-06-14,MB2,1,0,raw_balanced_30d,4855781
smart_workload_1000_0090,29148,2019-05-08,MB1,0,-1,raw_balanced_30d,9246125
smart_workload_1000_0091,10630,2018-09-26,MB1,1,1,raw_balanced_30d,298358
smart_workload_1000_0092,118,2019-08-29,MB2,0,-1,raw_balanced_30d,799184
smart_workload_1000_0093,34414,2019-08-26,MB2,0,-1,raw_balanced_30d,10748793
smart_workload_1000_0094,12500,2019-09-28,MB2,0,-1,raw_balanced_30d,1112775
smart_workload_1000_0095,30981,2018-09-18,MB2,0,-1,raw_balanced_30d,9265568
smart_workload_1000_0096,7400,2018-05-28,MB2,1,1,raw_balanced_30d,18243976
smart_workload_1000_0097,5330,2019-09-13,MB1,1,0,raw_balanced_30d,16898069
smart_workload_1000_0098,4305,2019-12-04,MB1,0,-1,raw_balanced_30d,15811657
smart_workload_1000_0099,3113,2018-05-24,MB2,1,0,raw_balanced_30d,9328274
smart_workload_1000_0100,22555,2019-04-08,MB2,0,-1,raw_balanced_30d,5565456
smart_workload_1000_0101,18555,2018-11-03,MB1,0,-1,raw_balanced_30d,4090967
smart_workload_1000_0102,17082,2018-05-24,MB1,1,0,raw_balanced_30d,3394983
smart_workload_1000_0103,8564,2018-06-21,MB1,1,0,raw_balanced_30d,18487940
smart_workload_1000_0104,5403,2018-11-19,MB2,0,-1,raw_balanced_30d,17374489
smart_workload_1000_0105,1820,2019-08-26,MB1,0,-1,raw_balanced_30d,3920255
smart_workload_1000_0106,256,2019-10-24,MB1,1,0,raw_balanced_30d,7510182
smart_workload_1000_0107,8087,2019-12-13,MB2,0,-1,raw_balanced_30d,18553549
smart_workload_1000_0108,5695,2019-07-03,MB1,1,1,raw_balanced_30d,17084162
smart_workload_1000_0109,20783,2018-08-12,MB2,1,1,raw_balanced_30d,4780788
smart_workload_1000_0110,7390,2019-11-03,MB1,1,2,raw_balanced_30d,17896094
smart_workload_1000_0111,46711,2019-09-24,MB2,1,1,raw_balanced_30d,16095184
smart_workload_1000_0112,38685,2019-12-22,MB2,1,0,raw_balanced_30d,12653061
smart_workload_1000_0113,23250,2018-05-24,MB1,1,0,raw_balanced_30d,6387495
smart_workload_1000_0114,17623,2018-10-20,MB1,1,0,raw_balanced_30d,3666013
smart_workload_1000_0115,41060,2019-04-29,MB1,0,-1,raw_balanced_30d,14872516
smart_workload_1000_0116,14145,2018-10-02,MB2,0,-1,raw_balanced_30d,1821095
smart_workload_1000_0117,43703,2018-07-12,MB1,1,0,raw_balanced_30d,16126052
smart_workload_1000_0118,24745,2018-02-27,MB2,1,1,raw_balanced_30d,6501452
smart_workload_1000_0119,29607,2018-08-01,MB1,0,-1,raw_balanced_30d,9461560
smart_workload_1000_0120,40420,2019-02-24,MB2,1,2,raw_balanced_30d,13469115
smart_workload_1000_0121,5180,2019-08-23,MB2,0,-1,raw_balanced_30d,17284178
smart_workload_1000_0122,32026,2019-06-15,MB2,0,-1,raw_balanced_30d,9724711
smart_workload_1000_0123,38343,2018-07-05,MB1,0,-1,raw_balanced_30d,13632108
smart_workload_1000_0124,33839,2019-04-05,MB2,1,0,raw_balanced_30d,10468812
smart_workload_1000_0125,3693,2019-03-25,MB1,1,0,raw_balanced_30d,12954777
smart_workload_1000_0126,36342,2019-09-20,MB1,1,3,raw_balanced_30d,12675617
smart_workload_1000_0127,24456,2019-02-15,MB2,0,-1,raw_balanced_30d,6367105
smart_workload_1000_0128,42794,2019-04-23,MB1,1,1,raw_balanced_30d,15691885
smart_workload_1000_0129,8505,2019-12-26,MB1,0,-1,raw_balanced_30d,18457524
smart_workload_1000_0130,47518,2019-05-11,MB2,1,0,raw_balanced_30d,16461506
smart_workload_1000_0131,36433,2018-05-24,MB1,1,0,raw_balanced_30d,12722858
smart_workload_1000_0132,13135,2018-04-28,MB1,0,-1,raw_balanced_30d,1514406
smart_workload_1000_0133,2776,2019-12-02,MB1,1,1,raw_balanced_30d,8591384
smart_workload_1000_0134,6269,2019-04-19,MB1,0,-1,raw_balanced_30d,17357050
smart_workload_1000_0135,31872,2019-11-04,MB2,0,-1,raw_balanced_30d,9660179
smart_workload_1000_0136,10139,2018-11-01,MB1,1,0,raw_balanced_30d,60328
smart_workload_1000_0137,7250,2019-06-22,MB1,0,-1,raw_balanced_30d,17826962
smart_workload_1000_0138,34972,2018-05-24,MB1,1,0,raw_balanced_30d,12013137
smart_workload_1000_0139,7124,2018-06-14,MB1,1,0,raw_balanced_30d,17766929
smart_workload_1000_0140,13590,2019-08-29,MB1,1,1,raw_balanced_30d,1742041
smart_workload_1000_0141,13230,2019-03-30,MB1,0,-1,raw_balanced_30d,1560823
smart_workload_1000_0142,25378,2018-05-24,MB1,1,0,raw_balanced_30d,7402676
smart_workload_1000_0143,16128,2019-07-24,MB2,1,1,raw_balanced_30d,2728263
smart_workload_1000_0144,6946,2019-06-12,MB2,1,1,raw_balanced_30d,18075248
smart_workload_1000_0145,48151,2019-04-16,MB2,0,-1,raw_balanced_30d,16728216
smart_workload_1000_0146,11097,2018-05-24,MB1,1,0,raw_balanced_30d,518862
smart_workload_1000_0147,35028,2019-10-24,MB1,0,-1,raw_balanced_30d,12048877
smart_workload_1000_0148,44846,2019-07-19,MB2,0,-1,raw_balanced_30d,15327994
smart_workload_1000_0149,32905,2019-07-26,MB1,1,0,raw_balanced_30d,11021095
smart_workload_1000_0150,31146,2018-06-29,MB1,0,-1,raw_balanced_30d,10215824
smart_workload_1000_0151,35779,2019-09-14,MB1,1,0,raw_balanced_30d,12398699
smart_workload_1000_0152,26272,2018-05-24,MB1,1,0,raw_balanced_30d,7883666
smart_workload_1000_0153,10865,2018-08-15,MB1,1,0,raw_balanced_30d,409781
smart_workload_1000_0154,40245,2018-07-26,MB2,1,0,raw_balanced_30d,13398673
smart_workload_1000_0155,11384,2019-01-07,MB2,0,-1,raw_balanced_30d,602086
smart_workload_1000_0156,30322,2019-01-23,MB1,1,2,raw_balanced_30d,9823226
smart_workload_1000_0157,18909,2018-08-05,MB2,0,-1,raw_balanced_30d,3953616
smart_workload_1000_0158,4818,2018-04-14,MB1,1,1,raw_balanced_30d,16656661
smart_workload_1000_0159,16885,2018-06-29,MB1,1,0,raw_balanced_30d,3314718
smart_workload_1000_0160,1513,2018-02-20,MB1,1,2,raw_balanced_30d,2496124
smart_workload_1000_0161,15797,2018-12-06,MB2,0,-1,raw_balanced_30d,2565505
smart_workload_1000_0162,1699,2019-12-19,MB1,1,1,raw_balanced_30d,3356655
smart_workload_1000_0163,33551,2019-02-09,MB1,0,-1,raw_balanced_30d,11324976
smart_workload_1000_0164,20224,2019-04-29,MB2,0,-1,raw_balanced_30d,4567088
smart_workload_1000_0165,21957,2018-08-29,MB1,1,1,raw_balanced_30d,5767425
smart_workload_1000_0166,8791,2019-05-03,MB1,1,4,raw_balanced_30d,18602803
smart_workload_1000_0167,10514,2019-09-07,MB2,0,-1,raw_balanced_30d,200979
smart_workload_1000_0168,14861,2018-11-01,MB1,1,0,raw_balanced_30d,2356382
smart_workload_1000_0169,20075,2018-11-20,MB2,0,-1,raw_balanced_30d,4487487
smart_workload_1000_0170,24960,2018-06-08,MB2,0,-1,raw_balanced_30d,6615279
smart_workload_1000_0171,24757,2018-10-06,MB1,0,-1,raw_balanced_30d,7130207
smart_workload_1000_0172,2711,2018-12-11,MB1,0,-1,raw_balanced_30d,8282018
smart_workload_1000_0173,16713,2018-09-05,MB1,0,-1,raw_balanced_30d,3216817
smart_workload_1000_0174,20149,2019-09-17,MB1,0,-1,raw_balanced_30d,4854260
smart_workload_1000_0175,44862,2019-06-26,MB2,0,-1,raw_balanced_30d,15336790
smart_workload_1000_0176,9992,2019-08-24,MB2,0,-1,raw_balanced_30d,19404480
smart_workload_1000_0177,14688,2019-04-08,MB2,0,-1,raw_balanced_30d,2065222
smart_workload_1000_0178,8292,2019-02-28,MB1,1,2,raw_balanced_30d,18359358
smart_workload_1000_0179,41864,2019-10-05,MB1,1,1,raw_balanced_30d,15270071
smart_workload_1000_0180,38162,2019-12-07,MB1,1,1,raw_balanced_30d,13549183
smart_workload_1000_0181,44686,2019-06-20,MB2,1,0,raw_balanced_30d,15257248
smart_workload_1000_0182,17022,2019-12-07,MB2,0,-1,raw_balanced_30d,3136295
smart_workload_1000_0183,9604,2018-03-27,MB1,0,-1,raw_balanced_30d,18995049
smart_workload_1000_0184,24395,2019-02-02,MB1,1,0,raw_balanced_30d,6948962
smart_workload_1000_0185,6920,2019-05-05,MB1,1,2,raw_balanced_30d,17680143
smart_workload_1000_0186,6185,2018-09-24,MB2,0,-1,raw_balanced_30d,17749421
smart_workload_1000_0187,7414,2019-12-25,MB1,1,0,raw_balanced_30d,17908927
smart_workload_1000_0188,39070,2018-12-23,MB1,1,1,raw_balanced_30d,13964209
smart_workload_1000_0189,6944,2019-06-12,MB2,1,1,raw_balanced_30d,18074300
smart_workload_1000_0190,36159,2019-08-07,MB2,0,-1,raw_balanced_30d,11520855
smart_workload_1000_0191,35242,2019-12-06,MB1,0,-1,raw_balanced_30d,12160404
smart_workload_1000_0192,26879,2019-01-27,MB1,1,0,raw_balanced_30d,8172582
smart_workload_1000_0193,41855,2019-09-07,MB1,0,-1,raw_balanced_30d,15264662
smart_workload_1000_0194,42764,2019-08-26,MB2,0,-1,raw_balanced_30d,14497393
smart_workload_1000_0195,28938,2019-10-13,MB1,0,-1,raw_balanced_30d,9149294
smart_workload_1000_0196,36659,2018-10-18,MB2,0,-1,raw_balanced_30d,11720539
smart_workload_1000_0197,7045,2019-04-17,MB1,1,0,raw_balanced_30d,17725549
smart_workload_1000_0198,43794,2018-05-24,MB1,1,0,raw_balanced_30d,16164711
smart_workload_1000_0199,3505,2018-08-03,MB1,0,-1,raw_balanced_30d,12062143
smart_workload_1000_0200,15026,2019-12-19,MB1,1,2,raw_balanced_30d,2445408
smart_workload_1000_0201,33890,2019-02-04,MB2,0,-1,raw_balanced_30d,10486901
smart_workload_1000_0202,24605,2019-11-30,MB1,0,-1,raw_balanced_30d,7056705
smart_workload_1000_0203,43759,2018-06-19,MB2,0,-1,raw_balanced_30d,14880192
smart_workload_1000_0204,33992,2018-05-24,MB1,1,0,raw_balanced_30d,11543464
smart_workload_1000_0205,12925,2018-04-14,MB1,0,-1,raw_balanced_30d,1411682
smart_workload_1000_0206,33427,2019-12-19,MB1,1,3,raw_balanced_30d,11272566
smart_workload_1000_0207,20331,2018-08-27,MB1,1,0,raw_balanced_30d,4952640
smart_workload_1000_0208,43089,2018-05-31,MB1,1,0,raw_balanced_30d,15830099
smart_workload_1000_0209,23451,2018-05-24,MB1,1,0,raw_balanced_30d,6487756
smart_workload_1000_0210,19349,2019-09-15,MB1,1,0,raw_balanced_30d,4473729
smart_workload_1000_0211,23241,2018-05-24,MB1,1,0,raw_balanced_30d,6385392
smart_workload_1000_0212,25238,2019-12-02,MB1,0,-1,raw_balanced_30d,7338632
smart_workload_1000_0213,9139,2019-11-25,MB2,0,-1,raw_balanced_30d,19024523
smart_workload_1000_0214,32919,2019-08-24,MB1,0,-1,raw_balanced_30d,11027534
smart_workload_1000_0215,34680,2019-01-29,MB1,1,0,raw_balanced_30d,11872004
smart_workload_1000_0216,31069,2018-05-25,MB1,1,0,raw_balanced_30d,10178326
smart_workload_1000_0217,35106,2019-09-02,MB1,0,-1,raw_balanced_30d,12090276
smart_workload_1000_0218,30070,2019-12-27,MB2,0,-1,raw_balanced_30d,8819230
smart_workload_1000_0219,24885,2018-05-24,MB1,1,0,raw_balanced_30d,7177586
smart_workload_1000_0220,18948,2018-09-08,MB2,1,1,raw_balanced_30d,3976489
smart_workload_1000_0221,15459,2019-05-05,MB1,1,2,raw_balanced_30d,2621043
smart_workload_1000_0222,5932,2018-11-14,MB1,1,0,raw_balanced_30d,17196522
smart_workload_1000_0223,17679,2018-06-21,MB1,1,0,raw_balanced_30d,3692731
smart_workload_1000_0224,38752,2019-04-25,MB2,0,-1,raw_balanced_30d,12684955
smart_workload_1000_0225,8534,2018-02-12,MB2,0,-1,raw_balanced_30d,18736209
smart_workload_1000_0226,3959,2018-05-18,MB2,0,-1,raw_balanced_30d,13114444
smart_workload_1000_0227,39600,2018-10-03,MB1,0,-1,raw_balanced_30d,14205153
smart_workload_1000_0228,37578,2019-03-05,MB1,0,-1,raw_balanced_30d,13256171
smart_workload_1000_0229,35871,2019-11-23,MB1,1,0,raw_balanced_30d,12452619
smart_workload_1000_0230,29156,2018-06-19,MB1,0,-1,raw_balanced_30d,9248228
smart_workload_1000_0231,40401,2019-08-01,MB2,0,-1,raw_balanced_30d,13458665
smart_workload_1000_0232,11466,2019-05-21,MB2,0,-1,raw_balanced_30d,644926
smart_workload_1000_0233,15458,2019-07-09,MB1,1,3,raw_balanced_30d,2620604
smart_workload_1000_0234,46706,2019-09-24,MB2,1,1,raw_balanced_30d,16092268
smart_workload_1000_0235,39943,2018-08-18,MB2,0,-1,raw_balanced_30d,13264771
smart_workload_1000_0236,30746,2018-03-14,MB2,0,-1,raw_balanced_30d,9138399
smart_workload_1000_0237,3170,2019-06-02,MB1,0,-1,raw_balanced_30d,10451046
smart_workload_1000_0238,1399,2019-06-12,MB1,1,0,raw_balanced_30d,1938457
smart_workload_1000_0239,33588,2018-07-21,MB1,1,0,raw_balanced_30d,11343932
smart_workload_1000_0240,33850,2019-08-20,MB1,1,0,raw_balanced_30d,11473240
smart_workload_1000_0241,30364,2019-11-15,MB1,0,-1,raw_balanced_30d,9841624
smart_workload_1000_0242,27389,2019-02-15,MB2,1,1,raw_balanced_30d,7696660
smart_workload_1000_0243,32852,2018-07-27,MB1,1,0,raw_balanced_30d,10990640
smart_workload_1000_0244,32974,2019-05-15,MB1,0,-1,raw_balanced_30d,11048543
smart_workload_1000_0245,12145,2018-06-09,MB1,1,0,raw_balanced_30d,1022318
smart_workload_1000_0246,23334,2018-11-07,MB1,0,-1,raw_balanced_30d,6421452
smart_workload_1000_0247,23751,2019-02-21,MB1,0,-1,raw_balanced_30d,6647165
smart_workload_1000_0248,12721,2019-08-11,MB2,0,-1,raw_balanced_30d,1220137
smart_workload_1000_0249,9420,2018-05-24,MB1,1,0,raw_balanced_30d,18914912
smart_workload_1000_0250,21194,2019-05-16,MB2,1,1,raw_balanced_30d,4977271
smart_workload_1000_0251,27601,2018-05-24,MB1,1,0,raw_balanced_30d,8510758
smart_workload_1000_0252,24966,2019-08-21,MB1,0,-1,raw_balanced_30d,7219360
smart_workload_1000_0253,35370,2019-11-16,MB1,1,0,raw_balanced_30d,12223814
smart_workload_1000_0254,29056,2018-11-08,MB1,0,-1,raw_balanced_30d,9208664
smart_workload_1000_0255,340,2018-09-06,MB2,0,-1,raw_balanced_30d,10536219
smart_workload_1000_0256,22859,2018-05-24,MB1,1,0,raw_balanced_30d,6207734
smart_workload_1000_0257,25357,2019-12-27,MB2,0,-1,raw_balanced_30d,6789468
smart_workload_1000_0258,17435,2019-04-28,MB1,1,0,raw_balanced_30d,3573525
smart_workload_1000_0259,30619,2019-05-02,MB1,0,-1,raw_balanced_30d,9953353
smart_workload_1000_0260,13777,2019-01-10,MB2,0,-1,raw_balanced_30d,1670151
smart_workload_1000_0261,20833,2018-12-15,MB2,1,0,raw_balanced_30d,4801972
smart_workload_1000_0262,32317,2018-10-26,MB1,1,0,raw_balanced_30d,10740837
smart_workload_1000_0263,21998,2019-01-15,MB1,0,-1,raw_balanced_30d,5787920
smart_workload_1000_0264,13269,2019-09-19,MB1,0,-1,raw_balanced_30d,1575615
smart_workload_1000_0265,38098,2018-05-24,MB1,1,0,raw_balanced_30d,13511720
smart_workload_1000_0266,34213,2018-09-20,MB1,0,-1,raw_balanced_30d,11657626
smart_workload_1000_0267,29807,2019-06-08,MB2,0,-1,raw_balanced_30d,8712535
smart_workload_1000_0268,27037,2019-12-15,MB1,0,-1,raw_balanced_30d,8250179
smart_workload_1000_0269,34298,2019-07-03,MB1,1,1,raw_balanced_30d,11700131
smart_workload_1000_0270,21962,2019-02-22,MB1,1,1,raw_balanced_30d,5771005
smart_workload_1000_0271,28686,2019-04-02,MB2,0,-1,raw_balanced_30d,8246479
smart_workload_1000_0272,34002,2018-08-25,MB1,1,0,raw_balanced_30d,11549254
smart_workload_1000_0273,43793,2018-05-24,MB1,1,0,raw_balanced_30d,16164599
smart_workload_1000_0274,22617,2019-07-09,MB1,1,3,raw_balanced_30d,6095036
smart_workload_1000_0275,38836,2018-07-13,MB2,0,-1,raw_balanced_30d,12721401
smart_workload_1000_0276,37597,2018-08-07,MB1,1,0,raw_balanced_30d,13264572
smart_workload_1000_0277,7910,2018-08-13,MB1,1,0,raw_balanced_30d,18172322
smart_workload_1000_0278,19743,2019-07-03,MB1,1,1,raw_balanced_30d,4656024
smart_workload_1000_0279,48123,2019-08-01,MB2,1,1,raw_balanced_30d,16719208
smart_workload_1000_0280,5112,2019-08-31,MB2,1,1,raw_balanced_30d,17253672
smart_workload_1000_0281,1042,2019-02-21,MB2,1,0,raw_balanced_30d,181607
smart_workload_1000_0282,40170,2019-11-26,MB2,0,-1,raw_balanced_30d,13368896
smart_workload_1000_0283,42964,2019-06-12,MB1,1,1,raw_balanced_30d,15767463
smart_workload_1000_0284,40055,2018-10-23,MB1,0,-1,raw_balanced_30d,14429167
smart_workload_1000_0285,33585,2018-05-24,MB1,1,0,raw_balanced_30d,11342860
smart_workload_1000_0286,2813,2018-07-05,MB2,0,-1,raw_balanced_30d,8035786
smart_workload_1000_0287,45863,2019-08-10,MB2,0,-1,raw_balanced_30d,15758781
smart_workload_1000_0288,40730,2019-07-01,MB2,0,-1,raw_balanced_30d,13605053
smart_workload_1000_0289,8573,2019-06-26,MB1,0,-1,raw_balanced_30d,18493568
smart_workload_1000_0290,14253,2018-07-19,MB1,1,0,raw_balanced_30d,2055629
smart_workload_1000_0291,15724,2019-06-25,MB1,1,1,raw_balanced_30d,2734864
smart_workload_1000_0292,12584,2019-01-06,MB1,1,0,raw_balanced_30d,1238461
smart_workload_1000_0293,21061,2018-04-03,MB1,1,1,raw_balanced_30d,5295542
smart_workload_1000_0294,31086,2019-06-12,MB1,0,-1,raw_balanced_30d,10183843
smart_workload_1000_0295,33116,2018-05-24,MB1,1,0,raw_balanced_30d,11122908
smart_workload_1000_0296,32305,2019-11-27,MB1,1,0,raw_balanced_30d,10733608
smart_workload_1000_0297,33420,2018-05-24,MB1,1,0,raw_balanced_30d,11268582
smart_workload_1000_0298,37897,2019-06-29,MB1,1,0,raw_balanced_30d,13424519
smart_workload_1000_0299,37120,2019-10-21,MB2,0,-1,raw_balanced_30d,11902577
smart_workload_1000_0300,24376,2019-12-07,MB1,1,3,raw_balanced_30d,6941139
smart_workload_1000_0301,29790,2018-03-05,MB1,0,-1,raw_balanced_30d,9560268
smart_workload_1000_0302,7449,2018-07-13,MB1,0,-1,raw_balanced_30d,17926831
smart_workload_1000_0303,11302,2018-02-06,MB2,0,-1,raw_balanced_30d,558634
smart_workload_1000_0304,21074,2018-09-07,MB1,1,4,raw_balanced_30d,5296080
smart_workload_1000_0305,15763,2018-07-12,MB2,0,-1,raw_balanced_30d,2552584
smart_workload_1000_0306,8155,2019-05-24,MB1,0,-1,raw_balanced_30d,18288540
smart_workload_1000_0307,5995,2019-12-29,MB1,0,-1,raw_balanced_30d,17222925
smart_workload_1000_0308,4503,2019-12-25,MB1,0,-1,raw_balanced_30d,16523395
smart_workload_1000_0309,44335,2019-03-25,MB1,1,0,raw_balanced_30d,16425447
smart_workload_1000_0310,42266,2018-12-29,MB1,1,1,raw_balanced_30d,15459275
smart_workload_1000_0311,29748,2018-08-02,MB1,1,0,raw_balanced_30d,9541483
smart_workload_1000_0312,29464,2019-02-21,MB1,0,-1,raw_balanced_30d,9398956
smart_workload_1000_0313,27741,2019-12-06,MB1,1,0,raw_balanced_30d,8581273
smart_workload_1000_0314,18771,2018-05-24,MB1,1,0,raw_balanced_30d,4193378
smart_workload_1000_0315,30419,2019-11-02,MB2,0,-1,raw_balanced_30d,8963535
smart_workload_1000_0316,33075,2018-06-15,MB1,1,0,raw_balanced_30d,11097838
smart_workload_1000_0317,827,2018-11-29,MB2,1,1,raw_balanced_30d,18643501
smart_workload_1000_0318,20085,2019-01-26,MB1,1,0,raw_balanced_30d,4818786
smart_workload_1000_0319,3642,2018-05-24,MB1,1,0,raw_balanced_30d,12714280
smart_workload_1000_0320,46539,2019-06-14,MB2,1,0,raw_balanced_30d,16018102
smart_workload_1000_0321,35858,2018-02-13,MB1,0,-1,raw_balanced_30d,12445450
smart_workload_1000_0322,14896,2019-09-12,MB2,0,-1,raw_balanced_30d,2153517
smart_workload_1000_0323,39745,2018-04-18,MB1,0,-1,raw_balanced_30d,14283399
smart_workload_1000_0324,33184,2019-12-24,MB1,0,-1,raw_balanced_30d,11155666
smart_workload_1000_0325,18894,2018-06-23,MB1,1,0,raw_balanced_30d,4255190
smart_workload_1000_0326,6948,2019-06-12,MB2,1,1,raw_balanced_30d,18076364
smart_workload_1000_0327,1253,2018-03-23,MB1,0,-1,raw_balanced_30d,1217253
smart_workload_1000_0328,23114,2018-05-24,MB1,1,0,raw_balanced_30d,6327799
smart_workload_1000_0329,37607,2019-11-20,MB1,0,-1,raw_balanced_30d,13270667
smart_workload_1000_0330,14215,2018-03-07,MB2,1,1,raw_balanced_30d,1862197
smart_workload_1000_0331,48330,2018-03-26,MB2,0,-1,raw_balanced_30d,16805495
smart_workload_1000_0332,31793,2019-07-25,MB2,0,-1,raw_balanced_30d,9637366
smart_workload_1000_0333,29688,2018-08-24,MB1,1,0,raw_balanced_30d,9511394
smart_workload_1000_0334,10889,2019-08-13,MB1,0,-1,raw_balanced_30d,418454
smart_workload_1000_0335,10113,2018-06-20,MB1,1,0,raw_balanced_30d,48852
smart_workload_1000_0336,24648,2019-02-19,MB1,1,1,raw_balanced_30d,7073436
smart_workload_1000_0337,10822,2019-01-20,MB1,0,-1,raw_balanced_30d,395105
smart_workload_1000_0338,5822,2019-09-24,MB2,0,-1,raw_balanced_30d,17572380
smart_workload_1000_0339,38014,2018-06-04,MB1,0,-1,raw_balanced_30d,13484019
smart_workload_1000_0340,35918,2018-05-24,MB2,1,0,raw_balanced_30d,11412249
smart_workload_1000_0341,32116,2019-10-03,MB1,0,-1,raw_balanced_30d,10644707
smart_workload_1000_0342,25188,2019-10-12,MB2,0,-1,raw_balanced_30d,6717968
smart_workload_1000_0343,13598,2018-08-27,MB1,0,-1,raw_balanced_30d,1745330
smart_workload_1000_0344,26936,2018-05-06,MB2,1,1,raw_balanced_30d,7486493
smart_workload_1000_0345,2176,2019-11-14,MB1,1,0,raw_balanced_30d,5666337
smart_workload_1000_0346,21076,2018-09-03,MB1,1,8,raw_balanced_30d,5296217
smart_workload_1000_0347,39426,2019-12-06,MB2,1,0,raw_balanced_30d,13027350
smart_workload_1000_0348,25380,2018-05-24,MB1,1,0,raw_balanced_30d,7404084
smart_workload_1000_0349,35786,2019-12-03,MB1,1,0,raw_balanced_30d,12403387
smart_workload_1000_0350,27201,2019-10-01,MB1,1,1,raw_balanced_30d,8322786
smart_workload_1000_0351,3111,2018-02-09,MB2,0,-1,raw_balanced_30d,9317956
smart_workload_1000_0352,19101,2019-07-13,MB1,1,1,raw_balanced_30d,4368746
smart_workload_1000_0353,29541,2019-10-21,MB1,1,2,raw_balanced_30d,9431138
smart_workload_1000_0354,37533,2018-05-24,MB1,1,0,raw_balanced_30d,13237553
smart_workload_1000_0355,29316,2019-11-27,MB1,0,-1,raw_balanced_30d,9329510
smart_workload_1000_0356,33849,2019-12-16,MB1,1,0,raw_balanced_30d,11472057
smart_workload_1000_0357,25231,2019-04-08,MB1,1,0,raw_balanced_30d,7336098
smart_workload_1000_0358,7774,2019-06-06,MB2,0,-1,raw_balanced_30d,18410402
smart_workload_1000_0359,10981,2019-06-27,MB1,0,-1,raw_balanced_30d,463411
smart_workload_1000_0360,27003,2019-03-09,MB2,0,-1,raw_balanced_30d,7519917
smart_workload_1000_0361,36276,2019-07-03,MB1,1,2,raw_balanced_30d,12648068
smart_workload_1000_0362,9229,2019-06-03,MB1,1,2,raw_balanced_30d,18818817
smart_workload_1000_0363,2035,2018-11-25,MB1,1,2,raw_balanced_30d,4958116
smart_workload_1000_0364,27633,2019-03-12,MB1,0,-1,raw_balanced_30d,8530004
smart_workload_1000_0365,14693,2018-07-21,MB2,1,0,raw_balanced_30d,2068224
smart_workload_1000_0366,35271,2019-08-11,MB2,1,0,raw_balanced_30d,11131668
smart_workload_1000_0367,23637,2018-05-09,MB2,0,-1,raw_balanced_30d,6007313
smart_workload_1000_0368,44786,2018-12-25,MB2,1,1,raw_balanced_30d,15296078
smart_workload_1000_0369,48384,2018-09-02,MB2,0,-1,raw_balanced_30d,16832612
smart_workload_1000_0370,26497,2018-07-26,MB1,1,2,raw_balanced_30d,7985432
smart_workload_1000_0371,43344,2018-03-11,MB2,1,1,raw_balanced_30d,14702113
smart_workload_1000_0372,23528,2019-10-28,MB2,0,-1,raw_balanced_30d,5950754
smart_workload_1000_0373,29955,2018-12-05,MB2,0,-1,raw_balanced_30d,8783257
smart_workload_1000_0374,17240,2018-11-07,MB1,1,0,raw_balanced_30d,3481784
smart_workload_1000_0375,1445,2018-06-23,MB1,0,-1,raw_balanced_30d,2146696
smart_workload_1000_0376,11140,2019-04-08,MB1,1,0,raw_balanced_30d,535681
smart_workload_1000_0377,28179,2019-05-23,MB1,1,0,raw_balanced_30d,8795162
smart_workload_1000_0378,14208,2019-06-08,MB1,1,0,raw_balanced_30d,2040187
smart_workload_1000_0379,21579,2019-07-03,MB1,1,2,raw_balanced_30d,5559652
smart_workload_1000_0380,10352,2019-02-10,MB1,0,-1,raw_balanced_30d,159417
smart_workload_1000_0381,952,2019-10-12,MB1,0,-1,raw_balanced_30d,18959576
smart_workload_1000_0382,41353,2018-07-23,MB2,0,-1,raw_balanced_30d,13893481
smart_workload_1000_0383,25460,2018-05-09,MB1,0,-1,raw_balanced_30d,7440127
smart_workload_1000_0384,35683,2019-12-04,MB1,0,-1,raw_balanced_30d,12361770
smart_workload_1000_0385,2338,2019-04-27,MB1,0,-1,raw_balanced_30d,6442303
smart_workload_1000_0386,35051,2019-04-23,MB1,0,-1,raw_balanced_30d,12063342
smart_workload_1000_0387,901,2019-09-18,MB1,0,-1,raw_balanced_30d,18704159
smart_workload_1000_0388,35762,2018-05-24,MB1,1,0,raw_balanced_30d,12391658
smart_workload_1000_0389,35297,2018-05-25,MB1,1,0,raw_balanced_30d,12189513
smart_workload_1000_0390,26758,2019-02-19,MB1,1,1,raw_balanced_30d,8107012
smart_workload_1000_0391,6076,2019-05-08,MB1,1,1,raw_balanced_30d,17264754
smart_workload_1000_0392,4672,2019-03-21,MB2,0,-1,raw_balanced_30d,16096637
smart_workload_1000_0393,35808,2019-01-30,MB1,0,-1,raw_balanced_30d,12417053
smart_workload_1000_0394,609,2019-06-02,MB1,1,0,raw_balanced_30d,17269479
smart_workload_1000_0395,24444,2018-07-18,MB1,1,0,raw_balanced_30d,6971002
smart_workload_1000_0396,4996,2018-05-24,MB1,1,0,raw_balanced_30d,16736765
smart_workload_1000_0397,45580,2018-11-15,MB2,1,0,raw_balanced_30d,15629996
smart_workload_1000_0398,43113,2019-10-08,MB2,0,-1,raw_balanced_30d,14624168
smart_workload_1000_0399,43731,2019-05-25,MB2,0,-1,raw_balanced_30d,14864270
smart_workload_1000_0400,48134,2018-06-21,MB2,0,-1,raw_balanced_30d,16722459
smart_workload_1000_0401,33236,2019-11-07,MB2,1,0,raw_balanced_30d,10200876
smart_workload_1000_0402,20935,2019-04-15,MB2,0,-1,raw_balanced_30d,4858120
smart_workload_1000_0403,30846,2018-08-28,MB1,1,0,raw_balanced_30d,10069983
smart_workload_1000_0404,32064,2019-06-28,MB1,0,-1,raw_balanced_30d,10623157
smart_workload_1000_0405,13375,2018-10-09,MB1,0,-1,raw_balanced_30d,1632960
smart_workload_1000_0406,5008,2019-08-20,MB1,0,-1,raw_balanced_30d,16744117
smart_workload_1000_0407,12645,2019-09-11,MB1,1,0,raw_balanced_30d,1263582
smart_workload_1000_0408,41132,2019-12-14,MB1,1,0,raw_balanced_30d,14902118
smart_workload_1000_0409,2050,2019-06-23,MB2,0,-1,raw_balanced_30d,4676551
smart_workload_1000_0410,25698,2018-08-24,MB1,1,0,raw_balanced_30d,7565887
smart_workload_1000_0411,3011,2018-04-20,MB2,0,-1,raw_balanced_30d,8828144
smart_workload_1000_0412,42673,2018-12-20,MB1,0,-1,raw_balanced_30d,15638942
smart_workload_1000_0413,28041,2018-10-03,MB1,1,0,raw_balanced_30d,8723821
smart_workload_1000_0414,13498,2019-03-24,MB1,1,0,raw_balanced_30d,1696568
smart_workload_1000_0415,48404,2019-11-08,MB2,1,0,raw_balanced_30d,16846359
smart_workload_1000_0416,30856,2019-10-31,MB1,1,1,raw_balanced_30d,10074324
smart_workload_1000_0417,19829,2019-10-17,MB2,0,-1,raw_balanced_30d,4373120
smart_workload_1000_0418,31923,2019-12-07,MB1,1,3,raw_balanced_30d,10548502
smart_workload_1000_0419,6806,2018-05-24,MB2,1,0,raw_balanced_30d,18012523
smart_workload_1000_0420,28218,2018-03-18,MB2,0,-1,raw_balanced_30d,8059414
smart_workload_1000_0421,23891,2019-09-20,MB1,1,0,raw_balanced_30d,6725772
smart_workload_1000_0422,421,2018-10-22,MB2,0,-1,raw_balanced_30d,14235554
smart_workload_1000_0423,30502,2018-12-05,MB2,0,-1,raw_balanced_30d,9001274
smart_workload_1000_0424,69,2019-08-10,MB2,0,-1,raw_balanced_30d,18062181
smart_workload_1000_0425,23074,2019-08-26,MB2,0,-1,raw_balanced_30d,5787132
smart_workload_1000_0426,3748,2019-11-04,MB1,0,-1,raw_balanced_30d,13204643
smart_workload_1000_0427,32881,2018-11-01,MB1,1,0,raw_balanced_30d,11007512
smart_workload_1000_0428,25572,2019-08-16,MB2,0,-1,raw_balanced_30d,6882979
smart_workload_1000_0429,25374,2018-05-24,MB1,1,0,raw_balanced_30d,7401420
smart_workload_1000_0430,8736,2019-08-30,MB1,0,-1,raw_balanced_30d,18575224
smart_workload_1000_0431,26238,2018-08-10,MB2,0,-1,raw_balanced_30d,7156840
smart_workload_1000_0432,36766,2019-09-18,MB2,0,-1,raw_balanced_30d,11772718
smart_workload_1000_0433,30529,2019-02-19,MB2,0,-1,raw_balanced_30d,9015477
smart_workload_1000_0434,12288,2018-12-02,MB2,0,-1,raw_balanced_30d,1005086
smart_workload_1000_0435,3832,2019-12-05,MB1,1,0,raw_balanced_30d,13625416
smart_workload_1000_0436,40206,2018-08-08,MB1,1,0,raw_balanced_30d,14498595
smart_workload_1000_0437,35690,2018-09-24,MB1,0,-1,raw_balanced_30d,12365991
smart_workload_1000_0438,21021,2019-03-09,MB1,1,2,raw_balanced_30d,5282510
smart_workload_1000_0439,31746,2019-06-17,MB1,0,-1,raw_balanced_30d,10470362
smart_workload_1000_0440,9181,2019-11-08,MB1,1,12,raw_balanced_30d,18796507
smart_workload_1000_0441,16886,2018-05-24,MB1,1,0,raw_balanced_30d,3314830
smart_workload_1000_0442,23438,2019-01-01,MB1,0,-1,raw_balanced_30d,6478517
smart_workload_1000_0443,13096,2018-10-07,MB1,0,-1,raw_balanced_30d,1494282
smart_workload_1000_0444,19028,2019-04-26,MB1,0,-1,raw_balanced_30d,4331454
smart_workload_1000_0445,5161,2019-05-09,MB1,1,0,raw_balanced_30d,16812134
smart_workload_1000_0446,43468,2018-12-25,MB2,0,-1,raw_balanced_30d,14759564
smart_workload_1000_0447,29686,2019-10-27,MB2,0,-1,raw_balanced_30d,8668989
smart_workload_1000_0448,26871,2019-12-07,MB1,1,1,raw_balanced_30d,8168246
smart_workload_1000_0449,20006,2019-07-01,MB1,1,0,raw_balanced_30d,4781834
smart_workload_1000_0450,46537,2019-04-15,MB2,0,-1,raw_balanced_30d,16016751
smart_workload_1000_0451,4339,2018-10-21,MB1,0,-1,raw_balanced_30d,15988665
smart_workload_1000_0452,15488,2019-10-05,MB1,1,0,raw_balanced_30d,2635249
smart_workload_1000_0453,32897,2018-11-26,MB2,1,0,raw_balanced_30d,10066456
smart_workload_1000_0454,40149,2019-12-25,MB2,0,-1,raw_balanced_30d,13358337
smart_workload_1000_0455,34315,2019-02-25,MB1,1,1,raw_balanced_30d,11712379
smart_workload_1000_0456,5027,2019-10-12,MB2,0,-1,raw_balanced_30d,17206525
smart_workload_1000_0457,10258,2019-01-22,MB1,1,1,raw_balanced_30d,105108
smart_workload_1000_0458,13564,2019-05-23,MB1,1,0,raw_balanced_30d,1733748
smart_workload_1000_0459,11826,2019-12-04,MB1,0,-1,raw_balanced_30d,870878
smart_workload_1000_0460,16010,2018-06-22,MB2,0,-1,raw_balanced_30d,2669441
smart_workload_1000_0461,5624,2019-09-19,MB1,0,-1,raw_balanced_30d,17049891
smart_workload_1000_0462,12852,2018-12-23,MB1,0,-1,raw_balanced_30d,1366907
smart_workload_1000_0463,9895,2019-05-05,MB1,1,2,raw_balanced_30d,19150372
smart_workload_1000_0464,22858,2018-05-24,MB1,1,0,raw_balanced_30d,6207623
smart_workload_1000_0465,39500,2019-04-09,MB1,0,-1,raw_balanced_30d,14151050
smart_workload_1000_0466,44330,2019-06-22,MB1,1,0,raw_balanced_30d,16422870
smart_workload_1000_0467,20086,2018-06-04,MB2,0,-1,raw_balanced_30d,4493101
smart_workload_1000_0468,16531,2018-05-24,MB1,1,0,raw_balanced_30d,3128031
smart_workload_1000_0469,25685,2018-09-18,MB1,1,0,raw_balanced_30d,7557440
smart_workload_1000_0470,26747,2018-05-24,MB1,1,0,raw_balanced_30d,8101644
smart_workload_1000_0471,25225,2019-10-15,MB1,1,1,raw_balanced_30d,7332639
smart_workload_1000_0472,13166,2018-07-11,MB1,1,0,raw_balanced_30d,1531198
smart_workload_1000_0473,39294,2018-06-25,MB1,0,-1,raw_balanced_30d,14070675
smart_workload_1000_0474,19741,2019-01-22,MB1,1,0,raw_balanced_30d,4655749
smart_workload_1000_0475,11455,2018-06-17,MB1,0,-1,raw_balanced_30d,704882
smart_workload_1000_0476,36657,2018-03-17,MB2,1,1,raw_balanced_30d,11720280
smart_workload_1000_0477,22072,2018-08-13,MB1,1,0,raw_balanced_30d,5828559
smart_workload_1000_0478,36906,2019-10-04,MB1,0,-1,raw_balanced_30d,12940065
smart_workload_1000_0479,32108,2018-08-17,MB1,1,0,raw_balanced_30d,10639392
smart_workload_1000_0480,42224,2019-05-30,MB1,0,-1,raw_balanced_30d,15441437
smart_workload_1000_0481,38567,2018-10-26,MB1,0,-1,raw_balanced_30d,13723584
smart_workload_1000_0482,188,2019-07-13,MB1,1,0,raw_balanced_30d,4205990
smart_workload_1000_0483,29908,2019-09-30,MB2,0,-1,raw_balanced_30d,8759559
smart_workload_1000_0484,38137,2018-05-24,MB1,1,0,raw_balanced_30d,13533929
smart_workload_1000_0485,16727,2019-06-01,MB2,0,-1,raw_balanced_30d,3007417
smart_workload_1000_0486,29424,2019-07-13,MB1,0,-1,raw_balanced_30d,9382714
smart_workload_1000_0487,18406,2019-05-09,MB1,1,0,raw_balanced_30d,4023024
smart_workload_1000_0488,8061,2019-03-27,MB1,1,1,raw_balanced_30d,18238006
smart_workload_1000_0489,3489,2019-03-08,MB1,0,-1,raw_balanced_30d,11968515
smart_workload_1000_0490,16330,2018-05-24,MB1,1,0,raw_balanced_30d,3021844
smart_workload_1000_0491,41964,2019-09-13,MB1,1,0,raw_balanced_30d,15311603
smart_workload_1000_0492,26955,2018-08-17,MB1,1,0,raw_balanced_30d,8208267
smart_workload_1000_0493,42884,2018-06-29,MB1,1,0,raw_balanced_30d,15744030
smart_workload_1000_0494,38428,2019-11-08,MB1,1,2,raw_balanced_30d,13669335
smart_workload_1000_0495,33887,2019-08-20,MB1,0,-1,raw_balanced_30d,11496964
smart_workload_1000_0496,26275,2018-05-24,MB1,1,0,raw_balanced_30d,7884456
smart_workload_1000_0497,42493,2019-05-30,MB1,1,0,raw_balanced_30d,15562842
smart_workload_1000_0498,43430,2018-06-30,MB1,1,0,raw_balanced_30d,15999516
smart_workload_1000_0499,16884,2018-12-18,MB1,1,0,raw_balanced_30d,3314570
smart_workload_1000_0500,1794,2018-11-23,MB1,0,-1,raw_balanced_30d,3793505
smart_workload_1000_0501,4307,2018-05-15,MB2,0,-1,raw_balanced_30d,14607001
smart_workload_1000_0502,18524,2019-06-24,MB2,0,-1,raw_balanced_30d,3795988
smart_workload_1000_0503,13640,2019-08-29,MB1,1,0,raw_balanced_30d,1761549
smart_workload_1000_0504,37556,2019-04-18,MB2,0,-1,raw_balanced_30d,12115344
smart_workload_1000_0505,45868,2019-09-04,MB2,0,-1,raw_balanced_30d,15760672
smart_workload_1000_0506,25420,2019-11-16,MB2,0,-1,raw_balanced_30d,6820641
smart_workload_1000_0507,6957,2019-10-13,MB2,1,1,raw_balanced_30d,18080569
smart_workload_1000_0508,9609,2018-07-04,MB2,1,0,raw_balanced_30d,19234620
smart_workload_1000_0509,41696,2018-03-29,MB2,0,-1,raw_balanced_30d,14056532
smart_workload_1000_0510,24255,2019-11-13,MB2,0,-1,raw_balanced_30d,6275593
smart_workload_1000_0511,17600,2018-04-09,MB1,0,-1,raw_balanced_30d,3661052
smart_workload_1000_0512,14649,2019-09-06,MB1,0,-1,raw_balanced_30d,2251981
smart_workload_1000_0513,30149,2019-07-31,MB2,0,-1,raw_balanced_30d,8843331
smart_workload_1000_0514,39564,2018-08-16,MB2,0,-1,raw_balanced_30d,13100809
smart_workload_1000_0515,41957,2019-08-11,MB2,0,-1,raw_balanced_30d,14176107
smart_workload_1000_0516,33541,2019-12-06,MB1,1,0,raw_balanced_30d,11320760
smart_workload_1000_0517,16447,2019-12-31,MB1,1,0,raw_balanced_30d,3080563
smart_workload_1000_0518,25524,2019-02-06,MB1,0,-1,raw_balanced_30d,7473230
smart_workload_1000_0519,22602,2019-06-08,MB1,1,0,raw_balanced_30d,6088702
smart_workload_1000_0520,28001,2018-09-30,MB1,1,0,raw_balanced_30d,8706711
smart_workload_1000_0521,19113,2018-08-27,MB1,1,0,raw_balanced_30d,4375250
smart_workload_1000_0522,12243,2019-08-19,MB1,1,0,raw_balanced_30d,1068748
smart_workload_1000_0523,37656,2019-10-11,MB1,0,-1,raw_balanced_30d,13297668
smart_workload_1000_0524,25575,2018-07-10,MB2,0,-1,raw_balanced_30d,6884252
smart_workload_1000_0525,37128,2019-08-17,MB1,0,-1,raw_balanced_30d,13040096
smart_workload_1000_0526,32791,2019-03-06,MB2,1,0,raw_balanced_30d,10033027
smart_workload_1000_0527,30979,2019-02-16,MB2,0,-1,raw_balanced_30d,9264265
smart_workload_1000_0528,2358,2019-07-16,MB1,0,-1,raw_balanced_30d,6556100
smart_workload_1000_0529,38895,2019-12-26,MB2,0,-1,raw_balanced_30d,12756542
smart_workload_1000_0530,42404,2019-12-30,MB1,1,0,raw_balanced_30d,15523244
smart_workload_1000_0531,23567,2019-03-06,MB1,0,-1,raw_balanced_30d,6549012
smart_workload_1000_0532,3644,2018-07-08,MB1,1,0,raw_balanced_30d,12726183
smart_workload_1000_0533,8279,2019-04-03,MB1,0,-1,raw_balanced_30d,18357209
smart_workload_1000_0534,15147,2019-05-11,MB1,0,-1,raw_balanced_30d,2506316
smart_workload_1000_0535,7719,2019-09-20,MB2,0,-1,raw_balanced_30d,18393392
smart_workload_1000_0536,26482,2019-07-21,MB1,1,0,raw_balanced_30d,7978126
smart_workload_1000_0537,34527,2019-04-29,MB1,0,-1,raw_balanced_30d,11811586
smart_workload_1000_0538,35851,2019-11-15,MB1,1,0,raw_balanced_30d,12441718
smart_workload_1000_0539,16487,2018-03-22,MB1,0,-1,raw_balanced_30d,3103084
smart_workload_1000_0540,36653,2019-08-30,MB1,0,-1,raw_balanced_30d,12831046
smart_workload_1000_0541,26913,2019-03-22,MB2,0,-1,raw_balanced_30d,7473783
smart_workload_1000_0542,30644,2019-02-10,MB1,1,0,raw_balanced_30d,9966537
smart_workload_1000_0543,18697,2019-08-22,MB1,0,-1,raw_balanced_30d,4155708
smart_workload_1000_0544,7862,2019-11-29,MB2,0,-1,raw_balanced_30d,18447024
smart_workload_1000_0545,30695,2018-06-04,MB2,0,-1,raw_balanced_30d,9110221
smart_workload_1000_0546,28279,2019-06-12,MB1,0,-1,raw_balanced_30d,8847243
smart_workload_1000_0547,23008,2018-12-24,MB1,0,-1,raw_balanced_30d,6278379
smart_workload_1000_0548,34018,2019-05-24,MB2,0,-1,raw_balanced_30d,10545595
smart_workload_1000_0549,31295,2019-03-23,MB1,1,0,raw_balanced_30d,10277770
smart_workload_1000_0550,33444,2019-12-17,MB1,1,0,raw_balanced_30d,11279684
smart_workload_1000_0551,21332,2019-10-03,MB1,0,-1,raw_balanced_30d,5436302
smart_workload_1000_0552,40241,2019-12-07,MB1,0,-1,raw_balanced_30d,14518604
smart_workload_1000_0553,29920,2019-12-18,MB1,1,0,raw_balanced_30d,9626366
smart_workload_1000_0554,4794,2019-07-20,MB2,0,-1,raw_balanced_30d,16644124
smart_workload_1000_0555,31894,2019-09-20,MB1,0,-1,raw_balanced_30d,10536141
smart_workload_1000_0556,44706,2019-07-09,MB2,1,3,raw_balanced_30d,15269249
smart_workload_1000_0557,32205,2019-01-31,MB1,0,-1,raw_balanced_30d,10680083
smart_workload_1000_0558,35533,2019-12-30,MB2,0,-1,raw_balanced_30d,11259419
smart_workload_1000_0559,34876,2019-12-26,MB1,1,1,raw_balanced_30d,11959820
smart_workload_1000_0560,19236,2019-11-08,MB2,0,-1,raw_balanced_30d,4093397
smart_workload_1000_0561,35718,2018-05-19,MB2,0,-1,raw_balanced_30d,11322579
smart_workload_1000_0562,44210,2018-05-24,MB1,1,0,raw_balanced_30d,16374729
smart_workload_1000_0563,25330,2019-08-03,MB2,0,-1,raw_balanced_30d,6776127
smart_workload_1000_0564,43898,2018-11-08,MB2,0,-1,raw_balanced_30d,14938076
smart_workload_1000_0565,15743,2018-07-04,MB2,0,-1,raw_balanced_30d,2549921
smart_workload_1000_0566,14925,2019-08-03,MB2,0,-1,raw_balanced_30d,2164937
smart_workload_1000_0567,27638,2019-12-19,MB1,1,0,raw_balanced_30d,8532541
smart_workload_1000_0568,32364,2019-11-15,MB1,1,1,raw_balanced_30d,10755585
smart_workload_1000_0569,22058,2019-09-08,MB1,0,-1,raw_balanced_30d,5819204
smart_workload_1000_0570,27359,2018-06-20,MB2,0,-1,raw_balanced_30d,7682416
smart_workload_1000_0571,14005,2019-01-10,MB1,0,-1,raw_balanced_30d,1949412
smart_workload_1000_0572,12825,2019-06-15,MB1,1,0,raw_balanced_30d,1352992
smart_workload_1000_0573,28190,2018-07-05,MB1,1,0,raw_balanced_30d,8802274
smart_workload_1000_0574,28019,2019-06-29,MB1,1,0,raw_balanced_30d,8714726
smart_workload_1000_0575,3918,2019-08-19,MB1,0,-1,raw_balanced_30d,14024828
smart_workload_1000_0576,21087,2018-12-25,MB2,1,2,raw_balanced_30d,4923815
smart_workload_1000_0577,4349,2019-11-19,MB1,0,-1,raw_balanced_30d,16036174
smart_workload_1000_0578,9283,2019-02-18,MB2,1,1,raw_balanced_30d,19095013
smart_workload_1000_0579,20982,2018-07-23,MB1,1,2,raw_balanced_30d,5269139
smart_workload_1000_0580,8036,2019-06-04,MB1,1,0,raw_balanced_30d,18221948
smart_workload_1000_0581,34262,2019-04-17,MB2,1,1,raw_balanced_30d,10666037
smart_workload_1000_0582,7582,2019-09-01,MB1,0,-1,raw_balanced_30d,18002058
smart_workload_1000_0583,18796,2019-03-13,MB1,1,2,raw_balanced_30d,4203545
smart_workload_1000_0584,21923,2018-07-30,MB2,0,-1,raw_balanced_30d,5310683
smart_workload_1000_0585,32025,2018-05-24,MB1,1,0,raw_balanced_30d,10599279
smart_workload_1000_0586,42365,2018-09-06,MB1,1,0,raw_balanced_30d,15504243
smart_workload_1000_0587,29429,2018-05-24,MB1,1,0,raw_balanced_30d,9384277
smart_workload_1000_0588,3315,2019-11-24,MB2,1,1,raw_balanced_30d,10166167
smart_workload_1000_0589,45192,2018-12-08,MB2,1,1,raw_balanced_30d,15457819
smart_workload_1000_0590,14257,2018-05-24,MB1,1,0,raw_balanced_30d,2056256
smart_workload_1000_0591,4765,2019-11-07,MB1,1,0,raw_balanced_30d,16626122
smart_workload_1000_0592,35474,2019-02-07,MB1,0,-1,raw_balanced_30d,12273261
smart_workload_1000_0593,39987,2019-08-08,MB1,1,0,raw_balanced_30d,14389526
smart_workload_1000_0594,3591,2018-07-12,MB1,1,0,raw_balanced_30d,12469322
smart_workload_1000_0595,39067,2019-11-22,MB1,0,-1,raw_balanced_30d,13962559
smart_workload_1000_0596,36548,2019-03-13,MB1,0,-1,raw_balanced_30d,12772765
smart_workload_1000_0597,30008,2018-08-14,MB1,1,0,raw_balanced_30d,9669757
smart_workload_1000_0598,39446,2019-01-26,MB2,0,-1,raw_balanced_30d,13039445
smart_workload_1000_0599,2113,2018-09-12,MB2,0,-1,raw_balanced_30d,4952664
smart_workload_1000_0600,44234,2018-09-24,MB1,0,-1,raw_balanced_30d,16383886
smart_workload_1000_0601,6749,2019-10-31,MB1,0,-1,raw_balanced_30d,17600305
smart_workload_1000_0602,19744,2018-07-17,MB1,1,0,raw_balanced_30d,4656063
smart_workload_1000_0603,44121,2019-09-19,MB1,0,-1,raw_balanced_30d,16335655
smart_workload_1000_0604,49055,2019-06-20,MB2,0,-1,raw_balanced_30d,17127072
smart_workload_1000_0605,6884,2019-03-09,MB1,0,-1,raw_balanced_30d,17660338
smart_workload_1000_0606,39844,2019-06-16,MB2,0,-1,raw_balanced_30d,13217031
smart_workload_1000_0607,19050,2018-12-16,MB1,0,-1,raw_balanced_30d,4342317
smart_workload_1000_0608,27342,2018-05-08,MB2,0,-1,raw_balanced_30d,7677929
smart_workload_1000_0609,39729,2019-04-11,MB1,0,-1,raw_balanced_30d,14273945
smart_workload_1000_0610,42880,2019-12-13,MB2,0,-1,raw_balanced_30d,14547534
smart_workload_1000_0611,22067,2019-02-18,MB2,0,-1,raw_balanced_30d,5367870
smart_workload_1000_0612,12399,2019-09-19,MB2,0,-1,raw_balanced_30d,1070885
smart_workload_1000_0613,16942,2018-06-18,MB1,0,-1,raw_balanced_30d,3337348
smart_workload_1000_0614,21073,2018-09-09,MB1,1,2,raw_balanced_30d,5295942
smart_workload_1000_0615,22188,2019-11-02,MB2,0,-1,raw_balanced_30d,5416063
smart_workload_1000_0616,16775,2018-07-22,MB1,0,-1,raw_balanced_30d,3253770
smart_workload_1000_0617,38434,2019-10-29,MB1,0,-1,raw_balanced_30d,13673603
smart_workload_1000_0618,21866,2019-07-16,MB2,0,-1,raw_balanced_30d,5281490
smart_workload_1000_0619,33115,2018-05-24,MB1,1,0,raw_balanced_30d,11122796
smart_workload_1000_0620,2568,2019-06-09,MB2,0,-1,raw_balanced_30d,6926096
smart_workload_1000_0621,47314,2018-11-18,MB2,0,-1,raw_balanced_30d,16377230
smart_workload_1000_0622,19884,2019-11-19,MB1,0,-1,raw_balanced_30d,4724968
smart_workload_1000_0623,5073,2018-09-20,MB1,0,-1,raw_balanced_30d,16775084
smart_workload_1000_0624,16001,2018-05-31,MB1,1,0,raw_balanced_30d,2859434
smart_workload_1000_0625,47630,2018-10-07,MB2,0,-1,raw_balanced_30d,16518939
smart_workload_1000_0626,48440,2019-06-16,MB2,0,-1,raw_balanced_30d,16851569
smart_workload_1000_0627,27629,2019-02-05,MB1,0,-1,raw_balanced_30d,8526864
smart_workload_1000_0628,33817,2018-06-07,MB1,1,2,raw_balanced_30d,11454165
smart_workload_1000_0629,6604,2019-09-28,MB2,0,-1,raw_balanced_30d,17927756
smart_workload_1000_0630,37821,2018-08-01,MB2,1,0,raw_balanced_30d,12250958
smart_workload_1000_0631,32556,2019-07-15,MB1,0,-1,raw_balanced_30d,10848267
smart_workload_1000_0632,3658,2019-04-29,MB1,0,-1,raw_balanced_30d,12787002
smart_workload_1000_0633,41176,2019-05-26,MB2,1,1,raw_balanced_30d,13820330
smart_workload_1000_0634,43760,2019-06-14,MB1,1,0,raw_balanced_30d,16154430
smart_workload_1000_0635,34319,2019-12-13,MB2,0,-1,raw_balanced_30d,10701784
smart_workload_1000_0636,601,2019-06-19,MB1,1,0,raw_balanced_30d,17232733
smart_workload_1000_0637,20786,2019-02-01,MB1,1,1,raw_balanced_30d,5171487
smart_workload_1000_0638,33810,2018-09-15,MB1,1,0,raw_balanced_30d,11450140
smart_workload_1000_0639,33462,2019-05-31,MB1,0,-1,raw_balanced_30d,11289424
smart_workload_1000_0640,19738,2019-01-22,MB1,1,0,raw_balanced_30d,4654231
smart_workload_1000_0641,7254,2018-06-17,MB1,0,-1,raw_balanced_30d,17829211
smart_workload_1000_0642,21692,2019-05-29,MB1,0,-1,raw_balanced_30d,5622875
smart_workload_1000_0643,9154,2019-07-26,MB2,0,-1,raw_balanced_30d,19031690
smart_workload_1000_0644,42025,2019-10-31,MB2,0,-1,raw_balanced_30d,14207064
smart_workload_1000_0645,26577,2019-09-10,MB1,1,0,raw_balanced_30d,8022750
smart_workload_1000_0646,39915,2018-04-14,MB2,0,-1,raw_balanced_30d,13248574
smart_workload_1000_0647,11240,2019-10-02,MB1,0,-1,raw_balanced_30d,595320
smart_workload_1000_0648,28030,2019-05-05,MB1,0,-1,raw_balanced_30d,8717385
smart_workload_1000_0649,13450,2019-12-28,MB1,0,-1,raw_balanced_30d,1672698
smart_workload_1000_0650,37153,2019-07-03,MB2,1,3,raw_balanced_30d,11916968
smart_workload_1000_0651,1015,2019-05-21,MB2,1,1,raw_balanced_30d,64314
smart_workload_1000_0652,25877,2018-12-04,MB1,0,-1,raw_balanced_30d,7669204
smart_workload_1000_0653,38953,2019-08-04,MB2,0,-1,raw_balanced_30d,12788741
smart_workload_1000_0654,8440,2019-07-28,MB1,0,-1,raw_balanced_30d,18420519
smart_workload_1000_0655,12778,2019-12-19,MB2,1,1,raw_balanced_30d,1249886
smart_workload_1000_0656,4383,2019-12-04,MB1,1,0,raw_balanced_30d,16179990
smart_workload_1000_0657,40265,2019-09-04,MB1,0,-1,raw_balanced_30d,14532314
smart_workload_1000_0658,10638,2019-12-31,MB1,0,-1,raw_balanced_30d,303024
smart_workload_1000_0659,38731,2018-04-04,MB1,1,2,raw_balanced_30d,13799065
smart_workload_1000_0660,45614,2019-08-21,MB2,0,-1,raw_balanced_30d,15648407
smart_workload_1000_0661,26158,2018-03-23,MB1,1,0,raw_balanced_30d,7820899
smart_workload_1000_0662,21516,2018-05-21,MB1,0,-1,raw_balanced_30d,5534036
smart_workload_1000_0663,14190,2018-12-20,MB1,0,-1,raw_balanced_30d,2029083
smart_workload_1000_0664,25739,2018-12-30,MB1,1,0,raw_balanced_30d,7586177
smart_workload_1000_0665,29062,2018-06-18,MB2,0,-1,raw_balanced_30d,8405925
smart_workload_1000_0666,3827,2019-11-28,MB1,1,0,raw_balanced_30d,13599156
smart_workload_1000_0667,23628,2019-01-09,MB2,0,-1,raw_balanced_30d,6001038
smart_workload_1000_0668,39292,2018-07-23,MB1,1,1,raw_balanced_30d,14070103
smart_workload_1000_0669,43831,2019-04-18,MB2,1,2,raw_balanced_30d,14911610
smart_workload_1000_0670,6488,2018-10-11,MB2,1,1,raw_balanced_30d,17862000
smart_workload_1000_0671,24812,2018-07-20,MB2,0,-1,raw_balanced_30d,6529671
smart_workload_1000_0672,48057,2019-11-20,MB2,0,-1,raw_balanced_30d,16682477
smart_workload_1000_0673,20152,2019-11-06,MB2,0,-1,raw_balanced_30d,4530533
smart_workload_1000_0674,10832,2018-07-26,MB2,0,-1,raw_balanced_30d,341506
smart_workload_1000_0675,6018,2019-06-26,MB2,0,-1,raw_balanced_30d,17671874
smart_workload_1000_0676,29055,2019-03-23,MB2,0,-1,raw_balanced_30d,8401341
smart_workload_1000_0677,30269,2019-10-01,MB1,0,-1,raw_balanced_30d,9794544
smart_workload_1000_0678,14602,2019-10-17,MB1,1,2,raw_balanced_30d,2230063
smart_workload_1000_0679,38072,2019-04-18,MB1,0,-1,raw_balanced_30d,13506074
smart_workload_1000_0680,2178,2019-11-28,MB1,1,0,raw_balanced_30d,5675485
smart_workload_1000_0681,40906,2019-02-18,MB1,0,-1,raw_balanced_30d,14799558
smart_workload_1000_0682,23156,2019-11-24,MB1,0,-1,raw_balanced_30d,6343064
smart_workload_1000_0683,37070,2018-05-24,MB1,1,0,raw_balanced_30d,13014561
smart_workload_1000_0684,12027,2019-10-30,MB1,1,1,raw_balanced_30d,957100
smart_workload_1000_0685,43753,2019-04-11,MB1,1,0,raw_balanced_30d,16149486
smart_workload_1000_0686,43348,2019-06-09,MB2,0,-1,raw_balanced_30d,14704399
smart_workload_1000_0687,17204,2019-10-01,MB1,1,0,raw_balanced_30d,3460115
smart_workload_1000_0688,21811,2018-06-13,MB2,0,-1,raw_balanced_30d,5250925
smart_workload_1000_0689,2175,2019-11-22,MB1,1,0,raw_balanced_30d,5659525
smart_workload_1000_0690,420,2019-09-29,MB1,1,1,raw_balanced_30d,15329598
smart_workload_1000_0691,5010,2019-02-25,MB1,0,-1,raw_balanced_30d,16745886
smart_workload_1000_0692,15077,2019-07-18,MB2,0,-1,raw_balanced_30d,2227373
smart_workload_1000_0693,1360,2019-01-12,MB1,1,2,raw_balanced_30d,1746658
smart_workload_1000_0694,7427,2019-12-16,MB1,0,-1,raw_balanced_30d,17914849
smart_workload_1000_0695,1062,2018-11-08,MB1,1,5,raw_balanced_30d,291026
smart_workload_1000_0696,38212,2018-03-16,MB1,1,0,raw_balanced_30d,13574148
smart_workload_1000_0697,28788,2018-07-30,MB2,1,1,raw_balanced_30d,8297912
smart_workload_1000_0698,33503,2019-07-20,MB1,0,-1,raw_balanced_30d,11301524
smart_workload_1000_0699,37139,2019-10-14,MB1,0,-1,raw_balanced_30d,13042637
smart_workload_1000_0700,39842,2019-10-19,MB2,0,-1,raw_balanced_30d,13216096
smart_workload_1000_0701,22348,2018-05-24,MB1,1,0,raw_balanced_30d,5979941
smart_workload_1000_0702,25764,2019-03-25,MB1,1,0,raw_balanced_30d,7600167
smart_workload_1000_0703,8721,2018-07-19,MB2,1,1,raw_balanced_30d,18819962
smart_workload_1000_0704,16640,2019-04-17,MB1,0,-1,raw_balanced_30d,3177864
smart_workload_1000_0705,8990,2019-03-18,MB2,0,-1,raw_balanced_30d,18946153
smart_workload_1000_0706,29290,2019-03-25,MB1,1,0,raw_balanced_30d,9315968
smart_workload_1000_0707,27924,2019-06-15,MB1,0,-1,raw_balanced_30d,8675473
smart_workload_1000_0708,3033,2018-10-19,MB1,1,0,raw_balanced_30d,9827602
smart_workload_1000_0709,39622,2019-03-26,MB1,1,1,raw_balanced_30d,14218260
smart_workload_1000_0710,13642,2019-12-27,MB1,1,0,raw_balanced_30d,1762817
smart_workload_1000_0711,40889,2019-03-10,MB2,0,-1,raw_balanced_30d,13662850
smart_workload_1000_0712,23924,2019-10-31,MB1,1,1,raw_balanced_30d,6741880
smart_workload_1000_0713,5002,2018-05-24,MB1,1,0,raw_balanced_30d,16740794
smart_workload_1000_0714,5686,2019-07-14,MB1,1,0,raw_balanced_30d,17082115
smart_workload_1000_0715,22092,2018-05-24,MB1,1,0,raw_balanced_30d,5839770
smart_workload_1000_0716,3823,2019-12-29,MB1,1,0,raw_balanced_30d,13581865
smart_workload_1000_0717,42408,2019-12-22,MB1,1,0,raw_balanced_30d,15525827
smart_workload_1000_0718,13120,2018-06-13,MB1,1,0,raw_balanced_30d,1507211
smart_workload_1000_0719,12463,2019-12-24,MB2,0,-1,raw_balanced_30d,1091480
smart_workload_1000_0720,29007,2018-05-31,MB1,1,0,raw_balanced_30d,9183285
smart_workload_1000_0721,9682,2019-12-19,MB1,1,0,raw_balanced_30d,19044141
smart_workload_1000_0722,19389,2018-12-29,MB2,0,-1,raw_balanced_30d,4174635
smart_workload_1000_0723,14456,2018-11-08,MB2,1,4,raw_balanced_30d,1963744
smart_workload_1000_0724,47422,2018-03-05,MB2,0,-1,raw_balanced_30d,16413957
smart_workload_1000_0725,17698,2019-09-29,MB2,0,-1,raw_balanced_30d,3430065
smart_workload_1000_0726,4203,2018-11-01,MB2,1,1,raw_balanced_30d,14208973
smart_workload_1000_0727,20409,2018-12-06,MB1,1,0,raw_balanced_30d,4984493
smart_workload_1000_0728,34875,2019-12-19,MB1,1,2,raw_balanced_30d,11959177
smart_workload_1000_0729,39983,2019-01-24,MB1,1,0,raw_balanced_30d,14387941
smart_workload_1000_0730,9839,2018-06-09,MB1,1,0,raw_balanced_30d,19123715
smart_workload_1000_0731,5444,2019-07-07,MB1,1,0,raw_balanced_30d,16947050
smart_workload_1000_0732,6493,2018-06-24,MB1,1,0,raw_balanced_30d,17471011
smart_workload_1000_0733,18742,2018-05-24,MB1,1,0,raw_balanced_30d,4177983
smart_workload_1000_0734,5557,2019-12-14,MB1,1,0,raw_balanced_30d,17011911
smart_workload_1000_0735,30640,2019-01-27,MB1,1,0,raw_balanced_30d,9965179
smart_workload_1000_0736,6174,2019-05-16,MB2,1,0,raw_balanced_30d,17745542
smart_workload_1000_0737,19914,2019-11-28,MB2,0,-1,raw_balanced_30d,4419237
smart_workload_1000_0738,41541,2019-05-18,MB1,1,1,raw_balanced_30d,15105906
smart_workload_1000_0739,28429,2019-12-25,MB1,1,0,raw_balanced_30d,8921953
smart_workload_1000_0740,2490,2018-05-24,MB1,1,0,raw_balanced_30d,7185060
smart_workload_1000_0741,908,2019-05-23,MB1,0,-1,raw_balanced_30d,18734914
smart_workload_1000_0742,7238,2019-08-17,MB2,0,-1,raw_balanced_30d,18175284
smart_workload_1000_0743,2480,2018-05-24,MB1,1,0,raw_balanced_30d,7149596
smart_workload_1000_0744,37708,2018-03-25,MB1,0,-1,raw_balanced_30d,13327023
smart_workload_1000_0745,13980,2019-09-29,MB2,0,-1,raw_balanced_30d,1767186
smart_workload_1000_0746,30839,2019-04-27,MB1,0,-1,raw_balanced_30d,10066121
smart_workload_1000_0747,28236,2018-05-24,MB2,1,0,raw_balanced_30d,8069026
smart_workload_1000_0748,46034,2019-02-02,MB2,0,-1,raw_balanced_30d,15834427
smart_workload_1000_0749,41400,2019-01-31,MB1,1,0,raw_balanced_30d,15031305
smart_workload_1000_0750,40860,2019-11-13,MB1,0,-1,raw_balanced_30d,14783178
smart_workload_1000_0751,41680,2018-03-05,MB2,0,-1,raw_balanced_30d,14047487
smart_workload_1000_0752,42951,2019-04-14,MB2,1,8,raw_balanced_30d,14579723
smart_workload_1000_0753,7921,2019-01-12,MB1,1,1,raw_balanced_30d,18176925
smart_workload_1000_0754,12360,2019-06-02,MB1,1,0,raw_balanced_30d,1136723
smart_workload_1000_0755,12781,2019-03-26,MB1,1,0,raw_balanced_30d,1332404
smart_workload_1000_0756,13841,2019-04-03,MB1,0,-1,raw_balanced_30d,1860694
smart_workload_1000_0757,8923,2019-07-28,MB1,0,-1,raw_balanced_30d,18668562
smart_workload_1000_0758,34206,2019-12-24,MB1,1,0,raw_balanced_30d,11653490
smart_workload_1000_0759,42118,2018-10-22,MB1,0,-1,raw_balanced_30d,15391286
smart_workload_1000_0760,4311,2018-10-11,MB1,1,0,raw_balanced_30d,15836971
smart_workload_1000_0761,34477,2019-07-27,MB2,1,1,raw_balanced_30d,10764843
smart_workload_1000_0762,22239,2018-08-26,MB2,1,1,raw_balanced_30d,5439529
smart_workload_1000_0763,6109,2019-08-02,MB1,0,-1,raw_balanced_30d,17282780
smart_workload_1000_0764,46915,2019-06-26,MB2,0,-1,raw_balanced_30d,16187552
smart_workload_1000_0765,828,2018-10-12,MB1,1,0,raw_balanced_30d,18357696
smart_workload_1000_0766,37842,2018-06-30,MB1,1,1,raw_balanced_30d,13397065
smart_workload_1000_0767,31846,2019-09-28,MB1,1,2,raw_balanced_30d,10513459
smart_workload_1000_0768,17835,2018-06-12,MB2,0,-1,raw_balanced_30d,3475738
smart_workload_1000_0769,35587,2018-10-02,MB1,0,-1,raw_balanced_30d,12315779
smart_workload_1000_0770,36402,2019-04-11,MB2,1,1,raw_balanced_30d,11621680
smart_workload_1000_0771,13904,2019-07-07,MB2,1,1,raw_balanced_30d,1727493
smart_workload_1000_0772,5475,2019-11-21,MB2,0,-1,raw_balanced_30d,17413418
smart_workload_1000_0773,25305,2018-09-29,MB1,0,-1,raw_balanced_30d,7370121
smart_workload_1000_0774,9401,2019-10-04,MB2,0,-1,raw_balanced_30d,19143236
smart_workload_1000_0775,17107,2019-12-27,MB1,1,2,raw_balanced_30d,3407292
smart_workload_1000_0776,28150,2018-02-12,MB1,0,-1,raw_balanced_30d,8785410
smart_workload_1000_0777,6013,2019-10-02,MB1,0,-1,raw_balanced_30d,17234394
smart_workload_1000_0778,41745,2018-10-03,MB1,1,1,raw_balanced_30d,15213461
smart_workload_1000_0779,30150,2018-09-24,MB1,1,0,raw_balanced_30d,9736835
smart_workload_1000_0780,29529,2019-08-14,MB1,1,0,raw_balanced_30d,9425532
smart_workload_1000_0781,12213,2019-09-08,MB1,1,0,raw_balanced_30d,1057685
smart_workload_1000_0782,13532,2019-10-12,MB1,0,-1,raw_balanced_30d,1717155
smart_workload_1000_0783,13742,2019-01-26,MB1,0,-1,raw_balanced_30d,1808644
smart_workload_1000_0784,2701,2019-07-13,MB2,0,-1,raw_balanced_30d,7523462
smart_workload_1000_0785,42639,2019-04-29,MB1,0,-1,raw_balanced_30d,15621431
smart_workload_1000_0786,36911,2018-03-15,MB1,0,-1,raw_balanced_30d,12942678
smart_workload_1000_0787,6113,2019-10-10,MB1,0,-1,raw_balanced_30d,17284642
smart_workload_1000_0788,42719,2019-07-09,MB1,1,3,raw_balanced_30d,15658963
smart_workload_1000_0789,10617,2019-04-10,MB1,1,1,raw_balanced_30d,289455
smart_workload_1000_0790,39639,2019-11-17,MB2,0,-1,raw_balanced_30d,13130742
smart_workload_1000_0791,9664,2018-12-18,MB2,1,1,raw_balanced_30d,19258930
smart_workload_1000_0792,18738,2019-06-30,MB2,0,-1,raw_balanced_30d,3879316
smart_workload_1000_0793,24048,2019-12-27,MB1,1,2,raw_balanced_30d,6790884
smart_workload_1000_0794,13691,2019-01-15,MB2,1,3,raw_balanced_30d,1635695
smart_workload_1000_0795,4257,2019-04-21,MB2,1,1,raw_balanced_30d,14424645
smart_workload_1000_0796,34741,2019-11-04,MB1,1,1,raw_balanced_30d,11901775
smart_workload_1000_0797,24810,2019-12-24,MB2,0,-1,raw_balanced_30d,6528844
smart_workload_1000_0798,39993,2018-05-10,MB1,0,-1,raw_balanced_30d,14391767
smart_workload_1000_0799,33583,2018-05-24,MB1,1,0,raw_balanced_30d,11342636
smart_workload_1000_0800,21065,2018-04-03,MB1,1,1,raw_balanced_30d,5295678
smart_workload_1000_0801,32600,2018-11-18,MB1,0,-1,raw_balanced_30d,10872449
smart_workload_1000_0802,22661,2018-08-28,MB1,1,1,raw_balanced_30d,6109180
smart_workload_1000_0803,24530,2019-03-19,MB1,1,1,raw_balanced_30d,7014511
smart_workload_1000_0804,20526,2018-08-22,MB2,1,0,raw_balanced_30d,4682421
smart_workload_1000_0805,21275,2019-06-10,MB1,1,0,raw_balanced_30d,5407418
smart_workload_1000_0806,26815,2019-01-28,MB1,0,-1,raw_balanced_30d,8132697
smart_workload_1000_0807,14323,2019-11-08,MB1,0,-1,raw_balanced_30d,2092948
smart_workload_1000_0808,15290,2019-08-07,MB1,1,0,raw_balanced_30d,2574833
smart_workload_1000_0809,36020,2018-05-24,MB1,1,0,raw_balanced_30d,12536013
smart_workload_1000_0810,15490,2019-07-14,MB1,1,0,raw_balanced_30d,2636981
smart_workload_1000_0811,26462,2019-01-23,MB2,0,-1,raw_balanced_30d,7254864
smart_workload_1000_0812,36541,2019-10-31,MB1,1,0,raw_balanced_30d,12768568
smart_workload_1000_0813,24640,2019-01-24,MB2,1,0,raw_balanced_30d,6446170
smart_workload_1000_0814,40217,2019-11-28,MB1,0,-1,raw_balanced_30d,14505088
smart_workload_1000_0815,41345,2019-12-31,MB1,0,-1,raw_balanced_30d,15000662
smart_workload_1000_0816,11908,2018-07-20,MB1,1,0,raw_balanced_30d,912070
smart_workload_1000_0817,35202,2019-02-28,MB2,0,-1,raw_balanced_30d,11103760
smart_workload_1000_0818,3248,2019-01-12,MB2,0,-1,raw_balanced_30d,9903390
smart_workload_1000_0819,26090,2019-06-11,MB1,0,-1,raw_balanced_30d,7790901
smart_workload_1000_0820,33584,2018-05-24,MB1,1,0,raw_balanced_30d,11342748
smart_workload_1000_0821,16499,2019-11-04,MB1,0,-1,raw_balanced_30d,3111956
smart_workload_1000_0822,37902,2018-11-25,MB1,0,-1,raw_balanced_30d,13426584
smart_workload_1000_0823,33067,2018-06-15,MB1,1,0,raw_balanced_30d,11094465
smart_workload_1000_0824,743,2018-12-31,MB1,0,-1,raw_balanced_30d,17916393
smart_workload_1000_0825,11838,2018-06-27,MB1,1,0,raw_balanced_30d,878556
smart_workload_1000_0826,3645,2018-05-24,MB1,1,0,raw_balanced_30d,12731475
smart_workload_1000_0827,3176,2018-07-28,MB1,1,0,raw_balanced_30d,10476280
smart_workload_1000_0828,26721,2019-07-08,MB2,0,-1,raw_balanced_30d,7388082
smart_workload_1000_0829,27830,2019-02-26,MB1,1,1,raw_balanced_30d,8627219
smart_workload_1000_0830,35120,2018-09-29,MB1,0,-1,raw_balanced_30d,12097418
smart_workload_1000_0831,5847,2019-05-05,MB1,1,2,raw_balanced_30d,17152444
smart_workload_1000_0832,18885,2018-10-18,MB1,0,-1,raw_balanced_30d,4250129
smart_workload_1000_0833,17442,2019-09-08,MB2,0,-1,raw_balanced_30d,3305303
smart_workload_1000_0834,1598,2019-09-30,MB2,0,-1,raw_balanced_30d,2651458
smart_workload_1000_0835,47441,2019-03-04,MB2,0,-1,raw_balanced_30d,16424576
smart_workload_1000_0836,46701,2019-09-24,MB2,1,1,raw_balanced_30d,16089920
smart_workload_1000_0837,37421,2018-11-18,MB1,0,-1,raw_balanced_30d,13174359
smart_workload_1000_0838,27073,2019-09-10,MB2,0,-1,raw_balanced_30d,7548452
smart_workload_1000_0839,9236,2019-06-03,MB1,1,2,raw_balanced_30d,18822076
smart_workload_1000_0840,18327,2019-05-31,MB2,0,-1,raw_balanced_30d,3702992
smart_workload_1000_0841,3830,2019-11-14,MB1,1,0,raw_balanced_30d,13614021
smart_workload_1000_0842,23167,2019-06-28,MB2,0,-1,raw_balanced_30d,5813859
smart_workload_1000_0843,8567,2018-12-26,MB2,0,-1,raw_balanced_30d,18742681
smart_workload_1000_0844,14809,2018-09-21,MB2,0,-1,raw_balanced_30d,2123035
smart_workload_1000_0845,2432,2019-01-15,MB1,1,0,raw_balanced_30d,6914103
smart_workload_1000_0846,44831,2019-11-30,MB2,0,-1,raw_balanced_30d,15319289
smart_workload_1000_0847,2762,2019-10-08,MB1,1,0,raw_balanced_30d,8520682
smart_workload_1000_0848,33421,2018-05-24,MB1,1,0,raw_balanced_30d,11268694
smart_workload_1000_0849,30177,2019-03-04,MB1,0,-1,raw_balanced_30d,9748690
smart_workload_1000_0850,39666,2019-03-25,MB1,1,0,raw_balanced_30d,14240861
smart_workload_1000_0851,12802,2018-05-24,MB1,1,0,raw_balanced_30d,1341704
smart_workload_1000_0852,19894,2019-04-23,MB1,0,-1,raw_balanced_30d,4728908
smart_workload_1000_0853,30556,2019-02-23,MB2,0,-1,raw_balanced_30d,9031394
smart_workload_1000_0854,40402,2019-07-02,MB1,0,-1,raw_balanced_30d,14586850
smart_workload_1000_0855,40387,2019-05-19,MB1,0,-1,raw_balanced_30d,14577475
smart_workload_1000_0856,31379,2019-08-16,MB2,0,-1,raw_balanced_30d,9443810
smart_workload_1000_0857,29258,2018-07-04,MB1,0,-1,raw_balanced_30d,9294727
smart_workload_1000_0858,16568,2019-05-15,MB2,0,-1,raw_balanced_30d,2938373
smart_workload_1000_0859,16532,2018-05-24,MB1,1,0,raw_balanced_30d,3128143
smart_workload_1000_0860,13570,2018-05-24,MB1,1,0,raw_balanced_30d,1736724
smart_workload_1000_0861,25720,2018-05-06,MB2,1,2,raw_balanced_30d,6944943
smart_workload_1000_0862,34457,2018-05-24,MB1,1,0,raw_balanced_30d,11775529
smart_workload_1000_0863,32687,2018-08-08,MB1,1,0,raw_balanced_30d,10899838
smart_workload_1000_0864,7440,2018-09-17,MB1,0,-1,raw_balanced_30d,17922486
smart_workload_1000_0865,27523,2018-05-24,MB1,1,0,raw_balanced_30d,8483474
smart_workload_1000_0866,19736,2018-07-17,MB1,1,0,raw_balanced_30d,4654059
smart_workload_1000_0867,41516,2019-11-06,MB1,1,1,raw_balanced_30d,15091942
smart_workload_1000_0868,34330,2018-05-04,MB1,1,2,raw_balanced_30d,11720447
smart_workload_1000_0869,14254,2018-06-09,MB1,1,0,raw_balanced_30d,2055757
smart_workload_1000_0870,21675,2019-10-18,MB2,0,-1,raw_balanced_30d,5196059
smart_workload_1000_0871,17362,2018-08-10,MB2,0,-1,raw_balanced_30d,3276207
smart_workload_1000_0872,19891,2019-11-06,MB2,0,-1,raw_balanced_30d,4406023
smart_workload_1000_0873,45371,2018-06-24,MB2,0,-1,raw_balanced_30d,15540288
smart_workload_1000_0874,17884,2019-05-05,MB2,0,-1,raw_balanced_30d,3504964
smart_workload_1000_0875,11234,2019-07-29,MB1,0,-1,raw_balanced_30d,591381
smart_workload_1000_0876,32240,2019-01-01,MB1,1,0,raw_balanced_30d,10694688
smart_workload_1000_0877,15274,2019-06-03,MB1,1,0,raw_balanced_30d,2565725
smart_workload_1000_0878,16237,2018-05-24,MB1,1,0,raw_balanced_30d,2976555
smart_workload_1000_0879,31806,2019-07-14,MB1,0,-1,raw_balanced_30d,10496871
smart_workload_1000_0880,20191,2019-06-16,MB2,0,-1,raw_balanced_30d,4547344
smart_workload_1000_0881,12488,2019-08-20,MB1,1,1,raw_balanced_30d,1192753
smart_workload_1000_0882,38706,2019-06-21,MB1,0,-1,raw_balanced_30d,13790930
smart_workload_1000_0883,29426,2018-07-09,MB1,1,0,raw_balanced_30d,9383135
smart_workload_1000_0884,18100,2019-05-05,MB2,0,-1,raw_balanced_30d,3602995
smart_workload_1000_0885,13163,2018-09-07,MB1,1,0,raw_balanced_30d,1529740
smart_workload_1000_0886,16421,2019-10-12,MB1,0,-1,raw_balanced_30d,3067439
smart_workload_1000_0887,41369,2019-03-25,MB1,0,-1,raw_balanced_30d,15014789
smart_workload_1000_0888,35763,2018-05-24,MB1,1,0,raw_balanced_30d,12391769
smart_workload_1000_0889,21578,2019-08-16,MB1,1,0,raw_balanced_30d,5559159
smart_workload_1000_0890,4848,2019-01-07,MB1,1,0,raw_balanced_30d,16662723
smart_workload_1000_0891,33159,2018-09-04,MB1,1,0,raw_balanced_30d,11142291
smart_workload_1000_0892,2155,2018-05-24,MB1,1,0,raw_balanced_30d,5549568
smart_workload_1000_0893,41083,2018-02-23,MB2,0,-1,raw_balanced_30d,13771866
smart_workload_1000_0894,43925,2018-12-29,MB1,1,0,raw_balanced_30d,16224865
smart_workload_1000_0895,37849,2019-08-06,MB2,0,-1,raw_balanced_30d,12254914
smart_workload_1000_0896,8745,2018-10-20,MB2,1,1,raw_balanced_30d,18831045
smart_workload_1000_0897,42329,2018-07-04,MB2,1,1,raw_balanced_30d,14331744
smart_workload_1000_0898,21847,2018-12-25,MB1,1,0,raw_balanced_30d,5709533
smart_workload_1000_0899,33013,2018-12-22,MB2,0,-1,raw_balanced_30d,10121153
smart_workload_1000_0900,28446,2019-10-02,MB1,0,-1,raw_balanced_30d,8930960
smart_workload_1000_0901,3357,2019-10-20,MB1,1,0,raw_balanced_30d,11334388
smart_workload_1000_0902,673,2019-12-16,MB1,1,0,raw_balanced_30d,17592881
smart_workload_1000_0903,13424,2019-07-28,MB2,0,-1,raw_balanced_30d,1512927
smart_workload_1000_0904,41164,2019-06-26,MB2,0,-1,raw_balanced_30d,13812605
smart_workload_1000_0905,30785,2018-06-21,MB2,0,-1,raw_balanced_30d,9159305
smart_workload_1000_0906,48155,2019-06-09,MB2,0,-1,raw_balanced_30d,16730846
smart_workload_1000_0907,15940,2019-09-29,MB2,0,-1,raw_balanced_30d,2625272
smart_workload_1000_0908,16067,2019-03-21,MB1,1,0,raw_balanced_30d,2893078
smart_workload_1000_0909,8969,2019-07-02,MB1,1,0,raw_balanced_30d,18686642
smart_workload_1000_0910,43030,2018-10-16,MB1,1,0,raw_balanced_30d,15804340
smart_workload_1000_0911,41398,2019-04-03,MB1,1,0,raw_balanced_30d,15029036
smart_workload_1000_0912,2186,2019-01-20,MB1,0,-1,raw_balanced_30d,5718182
smart_workload_1000_0913,5479,2019-03-07,MB2,0,-1,raw_balanced_30d,17415429
smart_workload_1000_0914,48737,2019-11-05,MB2,0,-1,raw_balanced_30d,16998935
smart_workload_1000_0915,37767,2018-11-25,MB2,1,1,raw_balanced_30d,12226218
smart_workload_1000_0916,46820,2018-09-28,MB2,1,1,raw_balanced_30d,16132232
smart_workload_1000_0917,35333,2019-05-29,MB2,0,-1,raw_balanced_30d,11168095
smart_workload_1000_0918,27600,2018-05-24,MB1,1,0,raw_balanced_30d,8510647
smart_workload_1000_0919,11088,2018-12-09,MB1,0,-1,raw_balanced_30d,514750
smart_workload_1000_0920,7102,2018-08-25,MB1,1,0,raw_balanced_30d,17754123
smart_workload_1000_0921,11241,2019-01-29,MB2,1,0,raw_balanced_30d,527885
smart_workload_1000_0922,24925,2019-09-14,MB1,0,-1,raw_balanced_30d,7195832
smart_workload_1000_0923,33580,2018-10-22,MB1,0,-1,raw_balanced_30d,11341758
smart_workload_1000_0924,42405,2019-12-30,MB1,1,0,raw_balanced_30d,15523891
smart_workload_1000_0925,15098,2019-11-20,MB1,0,-1,raw_balanced_30d,2479590
smart_workload_1000_0926,42119,2019-03-25,MB1,1,0,raw_balanced_30d,15392076
smart_workload_1000_0927,44125,2019-02-10,MB2,0,-1,raw_balanced_30d,15030001
smart_workload_1000_0928,14617,2019-07-08,MB1,0,-1,raw_balanced_30d,2236578
smart_workload_1000_0929,30197,2019-09-28,MB1,1,0,raw_balanced_30d,9757358
smart_workload_1000_0930,29250,2018-02-12,MB1,0,-1,raw_balanced_30d,9290200
smart_workload_1000_0931,26637,2018-10-08,MB2,0,-1,raw_balanced_30d,7341012
smart_workload_1000_0932,40434,2018-05-24,MB1,1,0,raw_balanced_30d,14604915
smart_workload_1000_0933,9055,2018-05-24,MB1,1,0,raw_balanced_30d,18722864
smart_workload_1000_0934,6949,2019-06-12,MB2,1,1,raw_balanced_30d,18076838
smart_workload_1000_0935,26279,2019-05-24,MB1,0,-1,raw_balanced_30d,7886570
smart_workload_1000_0936,6711,2018-11-01,MB1,1,0,raw_balanced_30d,17581060
smart_workload_1000_0937,5581,2019-04-15,MB1,1,0,raw_balanced_30d,17024901
smart_workload_1000_0938,149,2018-05-24,MB1,1,0,raw_balanced_30d,2379307
smart_workload_1000_0939,19203,2019-01-09,MB1,0,-1,raw_balanced_30d,4406598
smart_workload_1000_0940,39325,2018-11-15,MB1,1,0,raw_balanced_30d,14088675
smart_workload_1000_0941,3660,2018-02-15,MB1,0,-1,raw_balanced_30d,12798595
smart_workload_1000_0942,8927,2018-03-31,MB2,0,-1,raw_balanced_30d,18919036
smart_workload_1000_0943,8299,2018-06-17,MB1,1,1,raw_balanced_30d,18362222
smart_workload_1000_0944,4857,2019-04-23,MB1,0,-1,raw_balanced_30d,16666381
smart_workload_1000_0945,12612,2018-05-29,MB2,1,2,raw_balanced_30d,1173969
smart_workload_1000_0946,30841,2019-05-09,MB1,1,0,raw_balanced_30d,10067841
smart_workload_1000_0947,43653,2019-06-29,MB2,0,-1,raw_balanced_30d,14832624
smart_workload_1000_0948,16652,2019-08-14,MB1,0,-1,raw_balanced_30d,3182591
smart_workload_1000_0949,48912,2018-12-22,MB2,0,-1,raw_balanced_30d,17085754
smart_workload_1000_0950,41739,2018-10-06,MB1,1,0,raw_balanced_30d,15210631
smart_workload_1000_0951,5736,2019-08-08,MB1,0,-1,raw_balanced_30d,17107264
smart_workload_1000_0952,39878,2019-11-02,MB2,0,-1,raw_balanced_30d,13230325
smart_workload_1000_0953,37678,2019-12-23,MB1,1,1,raw_balanced_30d,13310479
smart_workload_1000_0954,40207,2019-09-20,MB1,1,0,raw_balanced_30d,14499116
smart_workload_1000_0955,27208,2019-04-19,MB2,0,-1,raw_balanced_30d,7612602
smart_workload_1000_0956,20414,2019-07-28,MB1,0,-1,raw_balanced_30d,4986053
smart_workload_1000_0957,37494,2019-03-20,MB1,0,-1,raw_balanced_30d,13211906
smart_workload_1000_0958,35119,2018-07-12,MB1,0,-1,raw_balanced_30d,12096502
smart_workload_1000_0959,25780,2019-10-21,MB1,0,-1,raw_balanced_30d,7610933
smart_workload_1000_0960,29300,2018-07-17,MB1,1,0,raw_balanced_30d,9320118
smart_workload_1000_0961,14918,2018-07-17,MB2,0,-1,raw_balanced_30d,2162018
smart_workload_1000_0962,40981,2018-03-17,MB2,1,2,raw_balanced_30d,13713061
smart_workload_1000_0963,168,2019-08-04,MB1,0,-1,raw_balanced_30d,3266365
smart_workload_1000_0964,22201,2018-12-15,MB1,0,-1,raw_balanced_30d,5897560
smart_workload_1000_0965,25846,2019-01-08,MB1,1,0,raw_balanced_30d,7651170
smart_workload_1000_0966,24822,2019-07-01,MB1,0,-1,raw_balanced_30d,7154945
smart_workload_1000_0967,17868,2018-06-23,MB1,1,0,raw_balanced_30d,3765714
smart_workload_1000_0968,46185,2018-04-05,MB2,0,-1,raw_balanced_30d,15881281
smart_workload_1000_0969,2979,2018-08-06,MB2,0,-1,raw_balanced_30d,8704447
smart_workload_1000_0970,22695,2018-08-27,MB1,1,0,raw_balanced_30d,6129750
smart_workload_1000_0971,21918,2018-09-26,MB2,0,-1,raw_balanced_30d,5306867
smart_workload_1000_0972,43916,2018-10-13,MB1,0,-1,raw_balanced_30d,16220798
smart_workload_1000_0973,27681,2018-07-21,MB1,1,0,raw_balanced_30d,8556423
smart_workload_1000_0974,47459,2018-07-06,MB2,0,-1,raw_balanced_30d,16433599
smart_workload_1000_0975,45589,2018-09-18,MB2,1,1,raw_balanced_30d,15633526
smart_workload_1000_0976,43828,2019-04-18,MB2,1,2,raw_balanced_30d,14909694
smart_workload_1000_0977,24405,2019-09-25,MB2,0,-1,raw_balanced_30d,6345467
smart_workload_1000_0978,33443,2019-09-20,MB1,1,1,raw_balanced_30d,11279050
smart_workload_1000_0979,48028,2018-10-11,MB2,0,-1,raw_balanced_30d,16669034
smart_workload_1000_0980,33162,2019-06-01,MB2,0,-1,raw_balanced_30d,10173766
smart_workload_1000_0981,24579,2019-12-17,MB1,0,-1,raw_balanced_30d,7040686
smart_workload_1000_0982,8353,2018-09-18,MB1,1,1,raw_balanced_30d,18387303
smart_workload_1000_0983,43765,2019-11-24,MB1,1,0,raw_balanced_30d,16157630
smart_workload_1000_0984,12748,2019-11-15,MB1,1,0,raw_balanced_30d,1315165
smart_workload_1000_0985,28797,2019-11-30,MB1,0,-1,raw_balanced_30d,9087084
smart_workload_1000_0986,750,2019-07-31,MB1,0,-1,raw_balanced_30d,17955609
smart_workload_1000_0987,33428,2018-05-24,MB1,1,0,raw_balanced_30d,11272678
smart_workload_1000_0988,40639,2019-11-19,MB2,1,1,raw_balanced_30d,13556832
smart_workload_1000_0989,38719,2019-11-22,MB2,0,-1,raw_balanced_30d,12671501
smart_workload_1000_0990,9620,2019-12-16,MB1,0,-1,raw_balanced_30d,19007139
smart_workload_1000_0991,22668,2019-03-05,MB1,0,-1,raw_balanced_30d,6113409
smart_workload_1000_0992,24027,2019-05-09,MB1,1,0,raw_balanced_30d,6781259
smart_workload_1000_0993,30026,2019-06-25,MB1,1,0,raw_balanced_30d,9681319
smart_workload_1000_0994,39027,2018-06-09,MB1,0,-1,raw_balanced_30d,13945586
smart_workload_1000_0995,24018,2019-12-04,MB1,1,0,raw_balanced_30d,6776316
smart_workload_1000_0996,19862,2019-02-24,MB2,1,2,raw_balanced_30d,4392089
smart_workload_1000_0997,16861,2019-08-20,MB2,1,1,raw_balanced_30d,3061654
smart_workload_1000_0998,9368,2019-11-26,MB1,0,-1,raw_balanced_30d,18892276
smart_workload_1000_0999,22232,2018-04-12,MB1,0,-1,raw_balanced_30d,5918473
